ID,CoalLevel,Copper,Gold,Hematite,Magnetite,Silver,Tin,SizeofExpedition,Miners,Smiths,Woodcutters,Farmers,Brewers,Warriors,Crafters,Biome_Jungle,Biome_Light Forest,Biome_Plains,Biome_Tundra,FortSurvived,FortValue
166000,3,0,0,1,1,0,1,14,2,4,1,4,1,2,0,False,True,False,False,1,378
166001,2,1,1,0,0,0,1,14,3,3,2,2,1,2,1,True,False,False,False,1,261
166002,2,1,1,0,1,0,1,14,0,2,2,1,1,4,4,True,False,False,False,1,213
166003,3,0,0,1,0,1,1,13,0,0,3,1,2,3,4,False,True,False,False,1,221
166004,3,0,1,1,0,0,1,14,2,0,4,1,4,3,0,False,False,False,True,1,121
166005,3,0,1,0,0,1,0,13,1,2,2,2,4,1,1,True,False,False,False,1,31
166006,2,1,0,0,1,0,1,15,1,2,5,2,2,0,3,False,False,False,True,1,108
166007,3,1,1,1,1,0,1,13,3,1,3,1,0,3,2,False,True,False,False,1,320
166008,2,1,0,0,0,1,1,13,0,4,4,1,1,1,2,False,True,False,False,1,121
166009,2,0,1,1,1,0,0,14,0,2,4,3,3,0,2,False,True,False,False,1,16
166010,1,1,0,1,1,1,0,15,3,0,1,3,5,0,3,False,False,True,False,1,271
166011,3,1,1,1,0,0,0,16,1,3,1,3,4,2,2,True,False,False,False,1,219
166012,3,1,1,0,1,1,0,17,0,1,2,5,1,5,3,False,True,False,False,1,208
166013,0,1,1,1,0,1,1,14,1,0,1,7,2,2,1,False,True,False,False,1,174
166014,3,0,0,0,0,0,1,15,1,2,2,3,2,2,3,False,True,False,False,1,197
166015,2,0,0,1,1,1,1,15,2,2,2,5,4,0,0,False,False,True,False,1,202
166016,2,1,1,1,0,1,1,15,2,2,1,2,4,1,3,False,True,False,False,1,280
166017,3,1,0,0,0,0,1,15,1,6,3,1,2,1,1,False,False,False,True,1,96
166018,1,1,1,1,1,1,0,15,1,1,3,3,3,3,1,True,False,False,False,1,209
166019,1,1,0,1,0,1,1,14,2,1,4,1,3,2,1,False,False,True,False,1,379
166020,3,0,1,1,1,0,0,13,1,2,0,0,3,3,4,False,True,False,False,1,27
166021,3,0,0,1,0,0,1,15,3,3,1,1,3,1,3,False,True,False,False,1,288
166022,3,0,0,0,1,1,1,13,2,3,2,0,0,3,3,False,True,False,False,0,0
166023,3,0,1,0,0,1,0,17,6,0,3,4,0,2,2,True,False,False,False,1,552
166024,2,0,1,0,0,0,1,13,1,1,0,2,1,3,5,False,False,True,False,1,18
166025,2,0,1,1,0,1,1,14,0,1,0,4,0,4,5,False,False,False,True,1,32
166026,3,1,0,0,0,0,1,13,1,1,5,1,1,1,3,False,False,False,True,1,103
166027,2,0,0,1,1,0,0,17,1,3,3,3,3,4,0,False,True,False,False,1,80
166028,1,1,0,1,1,0,0,13,1,0,3,2,0,5,2,False,True,False,False,1,153
166029,3,1,0,0,0,0,0,12,1,1,1,2,2,2,3,False,False,True,False,1,167
166030,3,1,0,0,0,1,0,14,3,3,2,1,2,1,2,False,True,False,False,1,313
166031,3,0,0,0,1,0,1,16,1,1,1,4,2,5,2,False,True,False,False,1,147
166032,3,0,0,1,0,0,1,15,3,0,2,2,1,3,4,False,False,True,False,1,284
166033,2,0,0,1,1,0,0,16,6,1,1,2,3,2,1,False,False,True,False,1,716
166034,3,0,1,1,1,0,1,16,1,4,3,2,0,4,2,False,True,False,False,1,126
166035,2,1,1,1,1,1,0,15,6,2,1,0,1,2,3,True,False,False,False,0,0
166036,2,1,0,0,1,0,0,14,4,4,1,2,2,1,0,True,False,False,False,1,300
166037,2,0,0,0,0,1,1,14,0,3,0,4,2,5,0,False,False,True,False,1,47
166038,2,1,1,0,1,0,1,12,3,3,0,1,1,2,2,False,False,True,False,1,327
166039,2,1,0,1,0,0,0,14,2,5,1,0,2,2,2,False,True,False,False,1,161
166040,3,0,1,0,1,0,1,11,1,2,0,2,3,2,1,False,False,False,True,1,35
166041,3,1,1,0,1,0,1,15,0,5,0,3,4,0,3,True,False,False,False,1,21
166042,3,1,1,0,1,1,0,17,4,2,1,3,4,2,1,False,False,False,True,1,586
166043,2,1,0,1,0,0,1,14,0,2,4,3,1,4,0,False,False,True,False,1,50
166044,3,1,0,0,0,1,1,14,2,2,3,0,0,4,3,False,False,False,True,0,0
166045,3,0,0,0,1,0,0,16,2,2,3,1,4,3,1,False,True,False,False,1,104
166046,1,1,1,0,1,1,1,16,4,3,2,5,0,1,1,True,False,False,False,1,329
166047,2,1,0,0,0,1,0,11,2,1,1,1,0,2,4,False,False,True,False,1,128
166048,2,1,0,0,0,1,1,13,4,2,1,1,3,2,0,True,False,False,False,1,364
166049,3,1,0,0,0,0,0,13,2,1,2,2,2,3,1,False,True,False,False,1,177
166050,0,1,1,0,1,1,0,17,2,2,4,4,1,3,1,False,False,True,False,1,197
166051,3,0,0,0,0,0,1,16,0,3,1,2,3,2,5,False,False,True,False,1,112
166052,2,1,0,1,0,0,1,14,1,3,2,3,4,1,0,False,True,False,False,1,220
166053,2,1,0,1,0,0,0,12,2,2,1,2,4,1,0,False,False,True,False,1,303
166054,2,0,1,1,1,1,1,14,1,2,6,1,0,3,1,False,False,False,True,0,0
166055,3,0,1,0,0,0,0,14,1,0,4,1,2,3,3,True,False,False,False,1,191
166056,1,0,0,1,1,0,1,13,0,2,2,3,1,4,1,False,False,True,False,1,108
166057,0,1,1,0,0,1,1,14,2,1,2,1,7,1,0,True,False,False,False,1,164
166058,3,1,0,1,0,0,0,16,3,4,1,3,5,0,0,False,False,True,False,1,191
166059,1,1,0,0,1,0,1,12,3,1,1,3,1,1,2,False,True,False,False,1,208
166060,3,0,1,0,0,0,1,13,0,2,0,1,5,1,4,False,False,True,False,1,25
166061,3,0,0,1,1,1,1,15,2,3,2,2,2,2,2,False,True,False,False,1,416
166062,1,1,1,0,0,1,0,14,3,1,2,0,2,2,4,False,True,False,False,1,255
166063,1,0,1,0,1,0,1,11,1,0,2,0,3,1,4,True,False,False,False,1,52
166064,3,1,1,1,0,1,1,16,3,3,3,1,4,0,2,False,True,False,False,1,300
166065,3,1,0,1,1,0,1,12,2,1,3,0,3,1,2,False,False,False,True,1,277
166066,3,0,1,0,1,0,0,13,1,3,2,1,3,1,2,False,False,False,True,1,83
166067,3,1,0,0,0,0,1,15,1,2,1,4,2,4,1,False,True,False,False,1,208
166068,1,1,0,0,1,1,0,15,1,1,2,2,1,6,2,False,False,True,False,1,175
166069,1,0,1,0,1,1,0,13,1,3,1,3,2,2,1,False,True,False,False,1,100
166070,3,1,0,0,0,1,1,15,6,0,1,2,3,2,1,False,False,False,True,1,279
166071,3,0,0,1,0,1,0,11,0,3,0,0,2,2,4,False,True,False,False,0,0
166072,2,1,0,1,1,0,1,13,1,1,3,2,1,1,4,False,False,False,True,1,102
166073,1,0,1,1,1,1,1,14,3,1,4,2,2,2,0,False,False,True,False,1,359
166074,3,1,0,1,0,1,1,15,5,0,0,2,2,4,2,False,False,False,True,1,384
166075,2,1,0,1,0,0,0,12,2,1,3,3,0,3,0,False,True,False,False,1,237
166076,2,1,0,1,1,0,1,13,3,4,0,1,0,2,3,False,True,False,False,1,274
166077,2,1,0,1,0,1,1,15,2,3,1,4,1,2,2,True,False,False,False,1,419
166078,3,1,1,0,1,0,0,11,3,1,2,2,0,3,0,True,False,False,False,1,113
166079,3,0,0,0,0,0,1,14,2,3,1,2,2,2,2,True,False,False,False,1,93
166080,2,1,0,1,1,1,1,13,3,1,2,2,3,0,2,False,False,False,True,1,435
166081,2,0,0,1,1,0,0,14,3,1,0,2,6,1,1,True,False,False,False,1,192
166082,0,1,0,0,1,1,1,14,0,0,5,1,4,4,0,False,False,True,False,1,39
166083,3,0,1,0,0,0,1,15,2,3,3,1,1,4,1,False,True,False,False,1,138
166084,1,0,1,1,1,0,0,15,2,3,3,4,1,2,0,True,False,False,False,1,245
166085,2,1,0,0,1,1,0,15,2,1,0,0,7,2,3,False,False,False,True,1,100
166086,2,0,0,0,0,1,1,11,4,0,4,0,1,0,2,True,False,False,False,0,0
166087,3,1,0,1,0,0,0,17,1,5,1,3,0,1,6,False,False,True,False,1,175
166088,3,1,0,0,0,1,0,14,5,0,1,3,3,1,1,False,True,False,False,1,232
166089,1,1,1,0,1,1,0,15,2,1,4,1,2,3,2,True,False,False,False,1,235
166090,3,0,0,0,1,1,0,14,0,3,4,1,2,2,2,False,True,False,False,1,137
166091,3,0,0,1,0,0,1,15,3,2,1,3,3,3,0,False,False,True,False,1,367
166092,2,1,0,0,1,0,1,13,0,3,0,7,0,3,0,False,True,False,False,1,69
166093,2,0,1,1,1,0,1,14,1,2,2,3,4,1,1,False,False,True,False,1,121
166094,3,1,0,1,1,1,0,12,2,2,0,4,1,2,1,False,False,False,True,1,287
166095,1,1,1,0,1,0,1,11,2,1,0,2,0,5,1,False,True,False,False,1,39
166096,1,0,1,1,0,1,1,15,0,0,2,5,4,2,2,False,False,False,True,1,131
166097,3,0,1,1,0,1,0,14,2,1,0,0,6,4,1,False,True,False,False,1,193
166098,3,1,0,1,0,0,0,11,1,0,0,2,2,2,4,False,True,False,False,1,71
166099,3,1,1,1,0,0,0,13,3,3,2,1,1,0,3,True,False,False,False,0,0
166100,1,0,1,1,0,1,1,15,5,0,3,2,1,1,3,False,False,False,True,1,674
166101,2,1,0,0,1,0,0,14,2,2,1,3,2,0,4,False,True,False,False,1,62
166102,3,1,1,1,0,0,0,14,4,1,3,0,2,2,2,True,False,False,False,0,0
166103,3,0,1,0,1,1,1,13,0,2,2,3,4,1,1,True,False,False,False,1,40
166104,3,0,1,1,1,0,1,14,0,3,5,0,3,3,0,False,True,False,False,0,0
166105,1,1,1,1,0,0,0,14,1,3,2,1,3,3,1,False,True,False,False,1,249
166106,2,1,1,0,0,1,0,15,0,3,2,2,3,2,3,False,False,True,False,1,144
166107,3,0,0,1,0,0,1,13,1,3,3,2,0,2,2,False,False,True,False,1,116
166108,3,1,1,0,1,1,0,12,0,2,4,3,0,1,2,False,False,False,True,1,81
166109,2,0,1,1,0,1,0,17,1,0,1,3,2,6,4,False,False,True,False,1,123
166110,2,1,1,0,0,0,0,14,6,2,0,3,1,1,1,False,True,False,False,1,315
166111,3,0,1,0,1,0,0,16,1,3,6,2,2,1,1,False,False,False,True,1,47
166112,2,1,1,0,1,1,0,16,4,3,2,1,0,3,3,False,True,False,False,1,499
166113,3,1,0,0,0,0,1,14,3,4,0,2,2,0,3,True,False,False,False,1,146
166114,2,1,0,0,0,1,0,15,5,0,2,1,3,3,1,False,True,False,False,1,242
166115,3,0,0,1,0,0,1,14,1,2,3,0,1,3,4,False,False,False,True,0,0
166116,3,0,1,1,1,1,1,15,3,3,1,1,2,1,4,True,False,False,False,1,397
166117,0,1,1,0,1,1,0,12,4,2,0,2,1,2,1,False,False,True,False,1,326
166118,1,0,1,1,0,1,0,13,0,2,3,1,4,2,1,False,False,True,False,1,88
166119,3,1,0,0,0,0,0,14,1,2,1,2,5,0,3,True,False,False,False,1,67
166120,3,0,1,0,0,0,0,12,2,1,1,1,3,3,1,True,False,False,False,1,73
166121,3,0,1,0,0,1,1,16,4,2,4,3,0,0,3,False,False,True,False,0,0
166122,3,0,0,0,0,1,1,17,2,1,3,0,5,5,1,False,False,False,True,1,139
166123,2,0,1,1,0,0,1,17,1,1,2,1,5,4,3,False,True,False,False,1,183
166124,3,1,0,0,0,0,1,11,0,3,1,1,3,2,1,False,False,True,False,1,73
166125,2,0,0,0,1,0,1,13,5,1,1,1,1,3,1,False,True,False,False,1,529
166126,0,0,0,1,1,1,1,14,2,3,0,4,1,3,1,True,False,False,False,1,119
166127,2,1,1,0,1,0,0,15,3,3,2,3,1,2,1,False,True,False,False,1,437
166128,3,0,0,1,0,0,0,16,5,2,1,2,2,2,2,False,False,True,False,1,353
166129,3,0,0,1,0,0,1,11,0,1,2,1,2,2,3,False,False,False,True,1,75
166130,1,1,1,1,1,1,0,14,1,3,4,3,2,0,1,False,False,False,True,1,146
166131,2,0,1,0,1,0,0,14,2,1,2,4,3,0,2,False,True,False,False,1,23
166132,3,1,1,0,0,0,0,15,0,3,4,2,2,0,4,True,False,False,False,1,5
166133,1,1,1,0,1,0,1,13,5,0,2,4,0,1,1,False,False,True,False,1,512
166134,3,0,1,0,1,0,1,15,3,1,5,0,1,2,3,False,True,False,False,0,0
166135,3,0,1,1,0,0,1,14,0,4,1,1,4,2,2,False,True,False,False,1,115
166136,2,1,0,0,1,1,1,16,4,4,3,0,0,2,3,False,False,True,False,1,192
166137,0,1,1,1,1,0,0,14,2,4,3,1,1,3,0,True,False,False,False,1,365
166138,3,0,1,0,0,0,1,14,2,2,2,2,1,3,2,True,False,False,False,1,127
166139,2,0,1,0,0,1,0,13,5,1,0,3,0,3,1,False,False,True,False,1,383
166140,2,0,1,1,1,1,0,15,3,1,0,3,2,0,6,False,False,True,False,1,272
166141,1,0,1,1,0,1,1,14,0,2,2,0,1,4,5,True,False,False,False,0,0
166142,3,1,0,0,1,0,0,16,3,0,2,2,6,1,2,False,False,False,True,1,137
166143,3,0,0,1,0,1,1,15,2,3,2,0,3,2,3,True,False,False,False,0,0
166144,2,1,0,0,0,1,0,14,1,2,3,4,3,0,1,False,True,False,False,1,63
166145,3,0,1,0,0,0,0,12,4,1,2,0,1,0,4,False,True,False,False,0,0
166146,2,0,0,0,0,1,1,15,1,2,3,1,3,0,5,False,False,True,False,1,7
166147,0,1,0,1,1,1,1,14,4,0,2,3,1,4,0,False,False,False,True,1,408
166148,3,0,1,0,1,0,0,14,3,0,2,1,2,4,2,False,False,True,False,1,191
166149,3,0,1,0,1,1,0,14,2,2,1,3,0,4,2,True,False,False,False,1,125
166150,2,0,0,1,0,0,1,16,2,1,3,5,2,3,0,True,False,False,False,1,269
166151,1,1,0,1,0,0,1,15,2,4,3,3,0,1,2,False,False,True,False,1,427
166152,3,1,0,0,0,1,0,13,2,3,2,1,1,3,1,True,False,False,False,1,210
166153,3,1,0,0,0,1,0,14,5,0,1,2,1,2,3,False,False,True,False,1,313
166154,2,0,0,0,1,1,1,14,2,3,1,1,3,1,3,False,False,True,False,1,180
166155,3,0,0,1,0,0,1,14,3,3,2,3,0,0,3,False,False,False,True,1,326
166156,1,1,1,0,1,0,0,13,0,1,2,2,3,3,2,True,False,False,False,1,139
166157,3,0,1,1,0,0,0,14,1,4,1,2,3,2,1,False,True,False,False,1,92
166158,2,0,0,1,0,1,0,16,5,3,2,2,2,2,0,False,False,True,False,1,394
166159,1,1,0,1,0,1,1,11,1,1,1,4,2,2,0,False,True,False,False,1,145
166160,1,1,0,0,1,1,1,17,2,5,1,1,4,2,2,False,False,False,True,1,124
166161,3,0,0,0,1,0,1,12,1,1,0,2,2,3,3,False,False,True,False,1,29
166162,3,0,1,0,0,1,1,14,2,2,3,3,0,3,1,False,False,False,True,1,79
166163,1,1,0,0,1,0,1,15,0,3,1,4,2,4,1,True,False,False,False,1,105
166164,3,1,0,0,0,0,1,15,1,0,2,4,4,1,3,False,False,True,False,1,217
166165,2,0,1,0,1,0,0,13,2,2,3,1,0,3,2,False,False,True,False,1,37
166166,2,0,1,0,1,0,1,13,0,4,2,1,3,3,0,False,True,False,False,1,38
166167,2,0,1,1,0,1,0,14,1,3,5,0,0,3,2,False,False,True,False,0,0
166168,0,0,0,1,1,1,1,15,3,5,0,5,1,1,0,True,False,False,False,1,218
166169,2,0,0,1,1,0,1,13,3,0,2,0,1,6,1,False,True,False,False,0,0
166170,1,1,1,0,1,1,1,11,3,0,1,2,2,2,1,False,False,False,True,1,284
166171,2,0,1,0,0,1,0,14,1,1,2,2,4,2,2,False,False,True,False,1,164
166172,3,1,1,0,0,1,0,14,2,1,1,2,4,2,2,False,False,True,False,1,204
166173,3,1,0,1,0,0,0,14,2,1,1,3,1,3,3,False,False,True,False,1,318
166174,1,0,1,0,0,1,1,12,0,3,3,2,1,3,0,False,False,True,False,1,39
166175,3,1,0,0,1,0,0,13,1,1,5,3,1,1,1,False,False,True,False,1,189
166176,2,1,1,0,1,0,1,17,4,3,2,2,1,2,3,False,True,False,False,1,715
166177,1,1,0,0,1,1,0,14,1,0,3,1,3,3,3,False,True,False,False,1,217
166178,2,1,0,1,0,1,0,14,1,2,4,0,0,3,4,False,False,True,False,0,0
166179,3,0,1,0,0,1,0,16,2,4,2,4,1,1,2,False,False,False,True,1,172
166180,1,0,0,1,1,1,0,12,4,4,1,1,2,0,0,False,False,True,False,1,330
166181,3,0,0,0,1,0,0,12,2,2,3,1,2,2,0,True,False,False,False,1,42
166182,0,1,1,0,1,1,0,13,1,0,3,3,2,2,2,True,False,False,False,1,160
166183,3,1,0,0,0,0,0,15,3,4,1,5,1,0,1,False,False,True,False,1,90
166184,3,0,0,1,1,0,1,14,2,2,3,3,1,0,3,False,False,True,False,1,127
166185,3,0,0,1,1,0,1,17,1,3,1,3,6,1,2,False,True,False,False,1,130
166186,2,0,1,0,1,0,0,15,6,1,2,3,1,1,1,False,True,False,False,1,648
166187,1,0,0,1,0,1,1,13,2,1,0,4,2,1,3,False,True,False,False,1,125
166188,2,0,0,1,1,0,0,16,3,1,2,1,3,2,4,True,False,False,False,1,253
166189,2,0,0,1,1,1,0,12,0,0,1,4,3,2,2,False,False,True,False,1,153
166190,1,1,1,1,1,1,0,13,0,3,1,3,3,1,2,False,True,False,False,1,76
166191,3,0,1,1,0,0,0,17,3,3,4,1,2,2,2,False,False,True,False,1,408
166192,1,0,0,1,1,0,1,11,3,0,0,2,1,3,2,False,True,False,False,1,175
166193,3,0,0,1,0,0,1,13,1,3,2,0,2,1,4,False,False,False,True,0,0
166194,2,1,1,1,1,0,1,14,1,3,2,2,2,2,2,True,False,False,False,1,205
166195,2,0,1,0,1,0,1,14,2,3,2,0,0,1,6,False,False,True,False,0,0
166196,3,1,0,1,1,0,0,16,1,2,4,2,4,1,2,False,False,False,True,1,131
166197,2,1,1,0,1,0,1,14,1,3,0,6,0,1,3,False,True,False,False,1,82
166198,1,1,1,0,1,0,1,17,2,1,4,1,4,3,2,True,False,False,False,1,215
166199,1,1,0,1,0,1,0,14,3,0,2,2,1,3,3,True,False,False,False,1,421
166200,2,1,1,0,1,0,0,16,5,1,2,2,2,1,3,True,False,False,False,1,639
166201,2,0,0,0,0,1,1,13,1,2,2,4,0,1,3,False,True,False,False,1,95
166202,2,1,0,0,0,1,0,13,2,3,0,0,3,2,3,True,False,False,False,1,87
166203,2,1,0,0,0,0,1,12,1,1,2,0,0,4,4,False,False,True,False,0,0
166204,2,1,0,1,1,0,1,12,4,2,2,3,0,1,0,False,False,False,True,1,477
166205,2,0,0,1,0,1,1,14,5,3,0,2,0,3,1,False,False,False,True,1,334
166206,2,1,1,0,1,1,0,13,2,2,0,3,2,2,2,True,False,False,False,1,116
166207,2,1,1,0,1,0,1,17,4,1,2,2,0,2,6,False,True,False,False,1,453
166208,3,0,0,0,0,1,0,13,1,3,0,4,4,0,1,False,True,False,False,1,32
166209,3,0,1,0,1,0,0,15,1,2,2,3,1,5,1,False,False,True,False,1,95
166210,3,1,1,0,0,1,1,13,1,7,1,1,1,1,1,False,True,False,False,1,154
166211,1,0,0,1,0,1,1,14,1,1,2,2,1,3,4,True,False,False,False,1,188
166212,2,0,1,0,0,1,0,14,1,5,2,0,2,0,4,True,False,False,False,0,0
166213,3,0,0,0,0,1,1,11,3,2,0,2,1,0,3,False,False,False,True,1,267
166214,0,1,1,1,1,1,1,14,3,1,1,2,4,1,2,True,False,False,False,1,268
166215,3,0,1,0,0,0,0,12,1,1,1,0,2,4,3,False,False,True,False,1,20
166216,2,1,1,1,0,1,1,14,3,3,3,1,1,1,2,True,False,False,False,0,0
166217,3,0,1,0,1,0,1,14,1,3,3,2,1,2,2,False,True,False,False,1,138
166218,1,0,1,1,1,0,0,16,3,2,4,2,1,3,1,False,True,False,False,1,400
166219,2,0,1,0,1,1,0,13,1,2,0,1,2,4,3,False,False,True,False,1,9
166220,2,0,1,0,1,0,1,16,3,3,1,2,2,5,0,False,False,False,True,1,277
166221,1,1,1,0,1,1,0,13,1,2,2,4,0,2,2,True,False,False,False,1,147
166222,3,1,0,0,1,0,0,16,4,2,4,0,0,3,3,False,False,True,False,0,0
166223,2,0,1,1,0,1,0,11,0,3,0,4,1,1,2,False,False,True,False,1,45
166224,3,1,0,1,0,0,0,15,4,3,3,0,1,2,2,False,True,False,False,1,154
166225,3,0,0,1,0,1,0,14,2,0,0,6,3,2,1,True,False,False,False,1,173
166226,0,1,0,1,1,1,0,16,2,4,2,2,2,4,0,False,False,True,False,1,419
166227,1,1,1,0,0,1,0,12,4,3,0,1,0,0,4,True,False,False,False,0,0
166228,1,1,0,1,1,1,0,13,1,3,0,2,1,5,1,False,False,True,False,1,48
166229,2,1,1,0,0,1,1,13,0,5,2,2,0,1,3,False,False,True,False,1,155
166230,2,1,1,1,1,0,1,13,2,0,1,0,4,2,4,True,False,False,False,1,182
166231,2,0,1,0,1,0,0,15,0,1,6,1,3,3,1,False,True,False,False,1,102
166232,1,1,1,0,1,1,0,13,4,2,0,3,1,1,2,False,False,False,True,1,405
166233,3,0,0,1,1,1,0,15,1,2,4,3,1,1,3,False,False,True,False,1,192
166234,0,1,1,1,1,0,1,15,2,1,1,0,4,4,3,False,False,True,False,1,254
166235,3,1,1,0,0,1,1,14,0,0,1,1,3,2,7,False,True,False,False,1,127
166236,3,1,1,0,1,1,1,12,3,2,0,1,1,2,3,False,False,True,False,1,446
166237,3,1,0,1,1,0,0,15,3,2,0,2,0,2,6,False,True,False,False,1,239
166238,3,1,1,0,0,1,1,14,0,2,2,5,1,2,2,True,False,False,False,1,110
166239,1,1,1,1,0,1,0,15,0,1,5,1,3,4,1,False,True,False,False,1,95
166240,1,1,1,0,1,0,1,14,1,4,2,4,0,3,0,False,False,False,True,1,138
166241,0,1,1,1,0,1,1,17,3,3,0,0,5,2,4,False,True,False,False,1,225
166242,3,1,1,1,0,0,0,14,2,5,2,2,2,1,0,False,True,False,False,1,363
166243,1,1,0,0,1,1,0,12,2,1,2,1,4,1,1,False,False,True,False,1,220
166244,1,1,1,0,1,0,0,13,3,3,1,0,4,0,2,False,True,False,False,1,146
166245,3,0,0,1,1,1,0,17,1,5,2,1,0,6,2,False,False,False,True,0,0
166246,1,1,0,0,0,1,1,17,5,0,2,2,6,1,1,False,False,True,False,1,282
166247,2,1,0,0,0,0,1,14,3,4,1,1,4,0,1,False,False,True,False,1,149
166248,1,1,1,1,0,0,0,15,2,1,2,1,2,4,3,False,False,True,False,1,323
166249,2,0,1,1,1,1,0,13,0,4,1,3,5,0,0,False,False,False,True,1,47
166250,2,0,0,0,1,1,1,14,0,3,2,1,4,1,3,True,False,False,False,1,68
166251,2,0,0,1,1,0,1,11,1,5,1,1,0,1,2,False,True,False,False,0,0
166252,3,1,0,0,1,0,0,14,4,1,1,0,3,2,3,False,False,False,True,1,331
166253,3,1,0,0,1,0,0,12,1,2,0,0,3,3,3,False,False,False,True,1,55
166254,1,1,0,0,1,1,0,14,1,2,5,1,3,1,1,False,True,False,False,1,144
166255,3,1,0,0,0,0,0,13,1,1,2,0,1,5,3,False,False,True,False,0,0
166256,2,0,1,1,0,1,0,17,2,1,3,1,3,4,3,False,False,False,True,1,248
166257,3,0,1,0,1,0,0,17,0,4,2,2,3,0,6,False,False,False,True,1,73
166258,2,0,0,0,1,1,0,17,0,2,1,3,7,2,2,False,True,False,False,1,153
166259,1,1,0,1,0,0,1,16,3,3,3,1,2,2,2,False,True,False,False,1,564
166260,0,1,1,0,1,1,0,16,0,4,6,2,1,1,2,False,True,False,False,1,109
166261,3,1,1,1,0,0,0,13,0,2,1,5,1,3,1,False,False,False,True,1,110
166262,2,0,1,0,1,1,0,14,1,4,5,1,0,2,1,False,True,False,False,0,0
166263,2,1,1,0,1,0,0,14,2,2,2,4,0,1,3,True,False,False,False,1,68
166264,3,0,0,0,0,1,0,17,0,5,4,3,2,1,2,False,True,False,False,1,147
166265,3,0,0,0,1,1,0,15,3,0,3,0,2,4,3,True,False,False,False,1,197
166266,3,1,0,1,0,1,1,14,4,2,2,0,0,3,3,False,False,False,True,1,108
166267,3,0,1,0,0,1,0,12,3,2,1,2,2,1,1,False,False,True,False,1,211
166268,2,1,0,1,1,1,1,14,2,3,3,0,2,2,2,False,True,False,False,1,381
166269,3,1,1,1,0,1,0,16,3,1,2,4,3,2,1,True,False,False,False,1,485
166270,3,0,0,1,0,0,1,14,1,2,6,0,4,0,1,False,False,False,True,1,48
166271,3,0,0,1,1,0,1,13,3,1,1,3,1,3,1,False,False,False,True,1,410
166272,3,1,0,1,1,0,1,15,0,5,0,1,6,3,0,False,False,True,False,1,30
166273,2,0,1,0,1,0,0,12,2,0,0,3,4,2,1,False,True,False,False,1,67
166274,0,1,0,1,1,1,1,17,0,2,1,6,1,2,5,False,False,False,True,1,145
166275,3,0,1,0,1,0,0,15,5,2,1,1,4,1,1,False,False,False,True,1,590
166276,2,1,1,0,1,0,0,13,5,0,2,1,5,0,0,False,False,True,False,1,335
166277,2,0,0,1,0,1,0,13,3,1,0,3,1,3,2,True,False,False,False,1,308
166278,2,0,1,1,1,1,1,13,1,2,4,1,2,2,1,False,True,False,False,1,95
166279,3,0,0,1,1,1,0,13,2,1,2,6,0,2,0,False,False,True,False,1,250
166280,2,1,1,0,0,0,1,13,3,2,0,2,2,4,0,False,False,False,True,1,197
166281,3,1,0,0,1,0,0,11,2,1,1,2,1,2,2,False,False,False,True,1,166
166282,2,1,1,1,0,1,0,14,2,2,3,2,3,0,2,False,False,False,True,1,284
166283,3,1,0,0,1,0,1,14,4,1,1,2,3,1,2,False,False,True,False,1,410
166284,1,1,0,1,1,0,0,17,2,5,2,4,1,3,0,True,False,False,False,1,391
166285,2,1,1,0,0,0,1,14,0,3,2,4,1,2,2,True,False,False,False,1,81
166286,2,1,1,0,0,0,1,13,2,0,2,4,2,1,2,False,False,True,False,1,194
166287,3,0,0,1,0,0,0,15,1,0,3,2,2,0,7,False,True,False,False,1,20
166288,1,1,0,0,1,0,1,17,3,1,2,5,0,1,5,True,False,False,False,1,201
166289,2,1,0,0,0,0,1,13,3,2,3,1,1,2,1,False,True,False,False,1,344
166290,3,0,1,0,0,0,0,13,0,4,3,3,1,1,1,True,False,False,False,1,64
166291,3,1,0,0,1,0,0,15,2,2,3,3,2,1,2,False,False,True,False,1,258
166292,2,1,1,0,0,0,0,13,3,1,1,2,1,3,2,False,False,True,False,1,204
166293,2,0,0,0,0,1,1,13,1,4,1,1,0,6,0,True,False,False,False,0,0
166294,2,0,1,1,1,1,0,16,2,0,2,2,3,4,3,False,False,False,True,1,201
166295,3,0,0,0,1,0,0,11,4,2,0,0,1,1,3,False,True,False,False,0,0
166296,1,0,1,1,1,0,1,17,5,5,2,1,2,0,2,False,False,False,True,1,751
166297,1,1,0,0,1,0,1,15,0,5,2,3,2,3,0,False,True,False,False,1,57
166298,3,1,1,0,1,1,0,13,2,4,1,0,1,2,3,False,False,True,False,0,0
166299,3,0,0,1,0,1,0,14,2,3,1,2,4,1,1,True,False,False,False,1,179
166300,0,0,1,1,0,1,1,11,1,1,1,4,1,3,0,False,False,True,False,1,58
166301,3,1,1,1,1,0,1,15,2,1,0,2,3,2,5,False,True,False,False,1,190
166302,2,1,0,1,1,1,0,15,3,1,3,2,3,0,3,False,False,False,True,1,443
166303,3,0,1,1,0,1,0,11,0,1,3,2,1,1,3,False,False,True,False,1,202
166304,3,1,0,1,1,1,0,12,0,2,1,6,2,0,1,True,False,False,False,1,30
166305,1,0,1,1,1,0,1,14,1,0,1,4,3,4,1,False,False,True,False,1,119
166306,2,0,0,1,0,1,0,16,3,2,4,3,1,2,1,True,False,False,False,1,440
166307,2,0,1,1,1,0,1,17,2,7,3,0,3,2,0,False,False,True,False,1,196
166308,2,0,1,0,1,0,0,11,1,4,1,1,1,2,1,False,True,False,False,1,64
166309,3,1,1,0,0,1,1,12,1,0,4,1,3,3,0,False,False,True,False,1,75
166310,2,1,0,1,0,0,0,14,1,0,3,4,3,3,0,False,True,False,False,1,136
166311,3,0,0,1,0,1,0,14,2,0,2,4,2,1,3,False,False,False,True,1,182
166312,1,1,0,1,1,0,0,12,2,0,3,3,1,2,1,False,True,False,False,1,224
166313,2,1,1,1,1,0,1,14,3,3,1,3,1,1,2,False,True,False,False,1,388
166314,3,0,1,1,0,1,0,15,0,2,0,4,3,2,4,True,False,False,False,1,40
166315,0,1,0,1,1,1,0,16,2,3,3,3,1,3,1,True,False,False,False,1,463
166316,2,0,0,1,0,1,0,15,2,1,3,0,2,4,3,True,False,False,False,1,168
166317,2,0,0,1,0,1,1,13,3,3,2,3,0,0,2,False,False,True,False,1,240
166318,3,0,0,0,0,0,1,12,3,2,3,0,0,2,2,True,False,False,False,0,0
166319,2,1,1,0,1,0,1,14,5,2,1,1,0,2,3,False,True,False,False,1,730
166320,1,1,0,1,1,0,1,16,1,2,0,2,2,3,6,False,False,False,True,1,73
166321,0,1,0,0,1,1,1,16,2,4,2,2,2,4,0,True,False,False,False,1,165
166322,3,0,1,0,1,1,0,14,0,6,2,1,2,0,3,False,False,False,True,1,61
166323,1,1,1,0,1,1,0,15,2,4,2,1,0,0,6,True,False,False,False,0,0
166324,1,1,0,0,1,0,1,14,5,1,3,1,1,2,1,False,False,True,False,1,361
166325,2,1,1,1,0,1,0,15,5,1,1,3,4,1,0,False,True,False,False,1,560
166326,1,0,1,0,1,0,1,13,1,3,2,5,1,0,1,False,False,True,False,1,19
166327,1,1,0,1,1,0,1,16,0,2,1,3,1,4,5,True,False,False,False,1,141
166328,3,1,0,1,0,0,0,16,4,1,3,2,2,3,1,False,False,True,False,1,340
166329,1,1,1,1,0,0,0,16,0,4,2,2,1,5,2,False,False,True,False,1,123
166330,1,0,1,1,0,0,1,14,4,2,1,4,0,1,2,True,False,False,False,1,151
166331,2,1,0,1,0,0,0,17,1,2,0,4,2,2,6,False,True,False,False,1,98
166332,2,0,1,0,1,0,0,15,1,1,2,2,1,6,2,False,True,False,False,1,134
166333,2,0,0,1,1,0,1,15,3,3,4,2,1,0,2,False,False,False,True,1,344
166334,2,0,1,1,1,1,0,12,4,4,0,1,0,1,2,False,False,True,False,1,564
166335,1,1,0,1,1,0,0,17,3,6,1,0,0,5,2,False,True,False,False,0,0
166336,2,0,0,1,1,1,1,14,3,1,0,3,6,0,1,True,False,False,False,1,269
166337,2,0,1,0,1,0,1,11,3,2,1,1,0,2,2,False,True,False,False,1,142
166338,2,1,0,0,1,1,1,15,1,4,3,0,2,2,3,False,False,True,False,1,56
166339,1,0,1,1,1,1,0,12,5,2,0,1,0,4,0,True,False,False,False,1,407
166340,3,0,1,1,0,1,0,16,1,5,1,2,0,4,3,False,False,True,False,1,95
166341,2,1,1,1,1,1,0,14,1,5,3,2,2,1,0,False,True,False,False,1,175
166342,0,1,1,0,0,1,1,13,2,1,2,2,1,2,3,True,False,False,False,1,303
166343,2,1,0,1,1,1,1,14,4,2,2,0,1,1,4,False,False,True,False,1,397
166344,1,1,1,1,1,0,0,16,0,2,3,3,5,2,1,True,False,False,False,1,91
166345,2,1,1,1,1,0,1,12,1,0,4,2,0,4,1,True,False,False,False,1,131
166346,2,0,0,0,1,1,1,13,4,0,1,2,4,2,0,False,False,False,True,1,293
166347,0,1,0,1,0,1,1,14,2,2,4,2,1,1,2,False,True,False,False,1,235
166348,2,0,0,1,0,0,1,15,4,1,1,3,3,2,1,False,False,True,False,1,328
166349,3,1,0,1,1,1,1,11,1,3,0,2,0,3,2,True,False,False,False,1,75
166350,3,0,0,1,1,1,1,14,3,3,3,2,2,1,0,False,True,False,False,1,590
166351,3,1,0,1,1,1,0,14,1,0,0,2,4,5,2,False,True,False,False,1,70
166352,1,0,0,1,1,0,1,15,5,3,2,1,0,2,2,True,False,False,False,0,0
166353,1,0,1,1,1,0,0,14,4,5,1,4,0,0,0,True,False,False,False,1,239
166354,2,1,1,0,0,0,1,13,2,1,1,2,2,3,2,False,True,False,False,1,192
166355,3,0,1,1,0,0,0,16,1,1,1,4,0,3,6,False,False,False,True,1,98
166356,2,0,1,0,1,1,0,13,0,0,5,2,0,1,5,True,False,False,False,1,190
166357,1,1,0,1,1,1,1,14,6,2,2,1,0,1,2,False,True,False,False,0,0
166358,2,1,1,1,1,1,1,13,5,2,0,1,0,1,4,False,False,False,True,0,0
166359,3,1,0,0,1,0,0,12,2,0,4,3,1,2,0,False,True,False,False,1,105
166360,3,0,1,0,0,0,0,13,0,0,7,1,0,5,0,False,False,True,False,0,0
166361,3,0,0,0,0,0,1,17,8,0,1,2,6,0,0,False,True,False,False,1,73
166362,2,1,1,0,0,1,0,16,4,3,1,3,0,1,4,False,False,False,True,1,291
166363,0,1,0,1,0,1,1,17,2,1,1,1,2,7,3,True,False,False,False,1,332
166364,3,1,0,0,1,0,0,14,2,2,4,1,1,3,1,False,False,False,True,1,140
166365,2,0,0,0,0,1,1,16,4,2,1,1,2,2,4,False,False,True,False,1,317
166366,3,0,0,0,1,0,1,14,2,1,3,2,3,1,2,False,False,False,True,1,66
166367,1,1,0,1,0,1,0,14,0,3,1,4,3,2,1,True,False,False,False,1,65
166368,3,0,0,1,0,1,1,14,5,1,1,2,3,2,0,False,False,True,False,1,368
166369,3,1,0,0,0,0,0,14,3,3,1,1,2,1,3,False,True,False,False,1,159
166370,2,1,1,0,0,0,0,12,4,2,0,1,2,0,3,True,False,False,False,1,241
166371,2,0,0,1,0,1,1,14,1,4,5,0,0,1,3,False,False,True,False,0,0
166372,3,1,1,0,0,0,0,13,4,5,2,0,1,1,0,True,False,False,False,0,0
166373,3,0,0,0,0,1,0,12,2,3,0,1,2,2,2,False,True,False,False,1,56
166374,1,0,0,1,1,1,0,15,2,2,1,3,1,2,4,False,True,False,False,1,344
166375,2,0,1,0,0,1,1,16,1,2,2,2,5,3,1,False,True,False,False,1,106
166376,2,1,1,0,0,1,0,14,2,3,0,4,4,0,1,True,False,False,False,1,101
166377,3,0,0,1,1,0,1,14,0,0,3,3,4,3,1,True,False,False,False,1,127
166378,2,1,0,1,1,1,0,12,0,2,1,7,0,1,1,True,False,False,False,1,29
166379,3,0,0,1,1,1,0,16,2,3,4,1,1,3,2,False,False,True,False,1,451
166380,3,1,0,0,0,1,1,13,2,2,2,2,1,3,1,False,False,False,True,1,161
166381,0,1,0,1,1,1,1,15,3,3,1,0,1,2,5,True,False,False,False,0,0
166382,3,0,1,0,1,1,0,14,4,2,2,0,2,2,2,False,True,False,False,1,573
166383,2,1,0,1,1,1,1,14,2,1,3,0,6,2,0,False,False,False,True,1,298
166384,3,1,0,0,0,1,0,13,1,3,3,1,3,1,1,False,False,True,False,1,189
166385,3,0,1,1,1,0,0,11,1,4,0,0,3,3,0,False,False,True,False,1,37
166386,3,0,0,1,0,1,0,11,3,1,2,0,1,2,2,True,False,False,False,0,0
166387,0,1,0,1,0,1,1,17,3,2,3,3,3,2,1,True,False,False,False,1,529
166388,2,0,0,1,1,1,1,15,6,0,2,1,2,4,0,True,False,False,False,1,335
166389,3,0,0,0,0,1,1,14,0,2,6,3,1,2,0,True,False,False,False,1,76
166390,3,1,1,0,0,0,1,16,2,4,2,3,1,3,1,False,False,True,False,1,258
166391,0,0,1,1,1,0,1,13,2,1,2,1,1,3,3,False,False,True,False,1,248
166392,2,0,0,1,1,1,1,14,4,0,5,1,1,1,2,True,False,False,False,0,0
166393,3,0,1,0,0,1,0,14,2,3,1,2,1,5,0,False,False,False,True,1,43
166394,1,1,0,1,1,0,1,16,4,1,1,3,3,1,3,False,False,True,False,1,461
166395,3,0,1,1,0,1,1,13,2,0,3,2,1,2,3,False,False,True,False,1,274
166396,2,0,1,0,1,1,0,14,2,3,2,2,3,0,2,False,False,True,False,1,53
166397,2,1,1,1,1,0,1,15,0,2,4,4,3,1,1,True,False,False,False,1,91
166398,3,0,0,0,0,1,0,15,1,1,0,7,3,1,2,False,True,False,False,1,76
166399,3,0,1,0,1,0,1,15,3,0,1,3,2,4,2,False,False,False,True,1,155
166400,3,1,1,1,0,0,0,17,0,3,0,1,4,6,3,False,True,False,False,1,14
166401,3,0,1,0,1,1,1,13,3,0,4,2,1,1,2,False,True,False,False,1,352
166402,3,0,0,0,1,0,1,16,4,0,2,5,3,0,2,True,False,False,False,1,185
166403,3,1,0,1,0,1,0,15,2,1,2,3,0,1,6,False,True,False,False,1,272
166404,3,0,1,0,1,0,1,15,0,3,1,1,2,5,3,True,False,False,False,1,125
166405,2,1,1,0,0,0,1,14,3,1,3,0,0,4,3,True,False,False,False,0,0
166406,2,0,1,1,0,0,0,16,2,2,1,3,1,3,4,False,True,False,False,1,325
166407,3,0,1,0,0,1,1,13,2,2,1,1,2,3,2,False,False,False,True,1,119
166408,2,0,1,0,0,1,0,12,1,0,4,0,3,4,0,False,True,False,False,1,45
166409,2,1,1,0,0,1,0,16,0,2,3,1,2,2,6,False,False,True,False,1,154
166410,1,0,1,1,1,1,1,16,1,2,1,3,4,4,1,True,False,False,False,1,126
166411,3,0,1,1,0,0,0,15,1,0,3,3,4,2,2,False,False,False,True,1,102
166412,2,0,0,0,1,1,1,15,7,3,0,0,2,1,2,False,True,False,False,0,0
166413,3,0,0,0,0,0,1,16,2,3,3,2,0,2,4,True,False,False,False,1,188
166414,3,0,0,1,0,1,0,14,0,1,2,3,3,4,1,False,True,False,False,1,109
166415,3,1,1,0,1,0,1,16,3,2,4,2,2,1,2,False,False,True,False,1,457
166416,3,1,1,1,0,0,0,13,3,5,1,3,0,1,0,True,False,False,False,1,195
166417,2,1,1,0,0,0,0,13,2,0,1,6,2,1,1,False,True,False,False,1,144
166418,1,0,1,1,1,1,0,14,2,1,2,5,1,1,2,False,False,True,False,1,379
166419,2,0,0,0,1,1,0,12,1,2,3,0,1,3,2,False,True,False,False,0,0
166420,3,1,0,1,0,0,0,13,2,2,1,0,3,2,3,False,False,False,True,1,232
166421,3,0,0,0,0,1,0,11,1,1,2,1,0,1,5,False,True,False,False,0,0
166422,1,0,1,1,0,1,0,14,2,1,1,4,1,4,1,True,False,False,False,1,279
166423,2,0,1,0,1,0,0,14,1,1,1,6,1,2,2,False,True,False,False,1,171
166424,3,1,1,1,0,1,1,14,1,1,2,3,2,1,4,False,True,False,False,1,192
166425,2,0,1,0,1,0,0,14,2,0,4,3,2,0,3,False,True,False,False,1,17
166426,2,1,0,1,1,1,0,16,4,2,2,2,2,0,4,False,False,True,False,1,359
166427,3,0,0,1,0,0,0,15,2,2,6,0,1,0,4,False,True,False,False,0,0
166428,2,0,1,1,0,1,0,13,2,2,2,1,2,2,2,False,False,False,True,1,277
166429,2,1,0,0,0,1,0,11,2,3,1,1,1,2,1,False,False,True,False,1,197
166430,1,0,1,1,1,1,0,15,1,3,2,4,2,1,2,False,True,False,False,1,84
166431,2,0,0,1,1,0,1,15,5,2,2,3,0,0,3,False,True,False,False,0,0
166432,1,1,1,1,1,0,1,13,5,2,1,0,0,2,3,False,True,False,False,1,453
166433,3,0,0,1,0,0,1,11,0,3,3,0,0,5,0,False,False,False,True,0,0
166434,2,0,0,1,1,1,1,15,1,2,2,1,3,5,1,False,False,False,True,1,132
166435,3,1,0,0,1,0,1,14,0,0,5,1,5,3,0,True,False,False,False,1,69
166436,0,0,1,1,0,1,1,17,2,0,3,6,1,2,3,True,False,False,False,1,282
166437,1,0,1,0,0,1,1,12,2,0,1,3,3,1,2,False,True,False,False,1,135
166438,3,0,1,1,0,0,1,14,3,1,2,4,1,2,1,True,False,False,False,1,285
166439,2,1,1,0,0,0,0,16,0,4,3,3,1,2,3,False,False,True,False,1,181
166440,2,0,0,0,1,0,1,14,1,2,4,1,1,1,4,False,True,False,False,0,0
166441,2,0,1,1,1,1,0,13,1,3,4,0,3,2,0,False,False,False,True,1,31
166442,3,1,0,0,0,0,1,11,4,0,1,1,1,3,1,False,True,False,False,1,148
166443,3,1,0,1,1,0,0,14,2,3,0,3,2,4,0,True,False,False,False,1,243
166444,3,1,0,0,0,0,0,13,0,2,4,0,2,3,2,False,False,True,False,0,0
166445,2,0,1,1,0,0,0,15,0,2,6,1,1,2,3,True,False,False,False,0,0
166446,2,1,0,0,0,1,0,14,3,4,2,1,1,1,2,True,False,False,False,0,0
166447,2,0,1,0,1,1,0,12,4,0,3,1,2,1,1,True,False,False,False,1,515
166448,3,1,0,1,0,1,1,14,3,3,2,1,2,2,1,False,True,False,False,1,671
166449,3,0,0,0,1,0,0,16,3,2,2,2,2,1,4,False,False,True,False,1,284
166450,1,1,1,0,0,1,0,15,1,1,2,0,4,4,3,False,True,False,False,1,245
166451,3,0,1,0,0,1,1,13,2,3,1,0,4,1,2,False,False,False,True,1,134
166452,1,1,1,0,1,1,1,11,1,3,1,1,1,1,3,True,False,False,False,1,100
166453,1,1,1,1,0,1,0,11,1,3,0,2,3,2,0,False,False,False,True,1,90
166454,2,1,0,0,0,0,1,14,2,1,3,2,3,0,3,False,True,False,False,1,89
166455,1,1,0,1,0,1,0,13,2,1,2,2,1,3,2,True,False,False,False,1,362
166456,2,0,0,1,0,0,1,17,0,4,0,3,2,4,4,True,False,False,False,1,33
166457,3,0,0,1,1,1,0,14,3,5,1,0,2,1,2,False,True,False,False,0,0
166458,1,1,0,1,1,0,0,14,3,1,1,4,3,1,1,False,False,True,False,1,341
166459,2,0,1,1,0,0,0,13,4,3,2,1,0,1,2,True,False,False,False,0,0
166460,0,1,1,1,0,1,0,14,0,1,1,2,3,4,3,True,False,False,False,1,138
166461,2,1,1,1,1,1,0,12,2,1,1,2,2,3,1,True,False,False,False,1,299
166462,1,1,0,0,0,1,1,14,4,5,1,0,0,1,3,True,False,False,False,0,0
166463,2,0,1,0,1,0,0,12,3,3,0,2,1,3,0,True,False,False,False,1,125
166464,2,0,1,0,0,1,1,14,1,0,4,3,1,4,1,True,False,False,False,1,128
166465,2,1,0,1,0,0,1,16,4,1,4,3,3,1,0,False,False,False,True,1,316
166466,2,1,1,0,1,0,0,14,0,0,4,1,3,4,2,False,False,True,False,1,126
166467,2,1,0,1,1,0,1,14,1,2,1,4,2,3,1,True,False,False,False,1,208
166468,3,1,0,0,1,1,0,15,2,3,4,0,2,2,2,False,True,False,False,1,116
166469,3,1,0,0,0,1,1,14,0,2,1,3,6,1,1,False,True,False,False,1,99
166470,2,1,0,0,1,0,1,16,3,2,2,4,0,3,2,False,False,True,False,1,344
166471,1,0,1,0,1,1,0,15,4,1,0,1,2,3,4,False,False,True,False,1,596
166472,3,0,0,1,0,0,1,15,3,2,3,1,2,3,1,False,False,True,False,1,365
166473,0,1,1,1,0,1,1,16,5,2,3,2,0,1,3,True,False,False,False,0,0
166474,3,1,1,1,0,1,0,11,1,1,3,2,2,1,1,False,False,False,True,1,135
166475,1,1,0,0,1,1,0,11,3,3,3,0,0,0,2,True,False,False,False,0,0
166476,3,1,0,0,0,0,1,15,4,0,0,5,2,3,1,False,True,False,False,1,127
166477,3,1,0,0,1,1,0,14,1,1,2,5,0,4,1,True,False,False,False,1,185
166478,1,0,1,1,1,1,1,13,2,3,0,1,4,1,2,False,False,False,True,1,252
166479,1,1,1,0,1,0,1,14,0,2,2,2,2,1,5,False,True,False,False,1,155
166480,0,0,1,1,0,1,1,14,3,3,5,0,1,1,1,False,False,True,False,1,113
166481,3,0,0,1,0,1,0,14,0,1,5,4,0,1,3,False,False,False,True,1,55
166482,3,1,0,0,0,0,1,16,0,2,2,2,1,1,8,True,False,False,False,1,101
166483,2,1,1,0,1,1,0,13,3,0,2,1,4,1,2,True,False,False,False,1,233
166484,0,0,0,1,1,1,1,13,0,2,0,4,3,2,2,True,False,False,False,1,34
166485,2,0,1,1,1,1,0,15,0,2,4,1,5,3,0,False,False,False,True,1,29
166486,2,0,1,1,1,0,0,12,3,2,2,1,3,0,1,True,False,False,False,1,161
166487,2,0,1,1,1,1,0,16,3,3,2,0,3,2,3,False,False,True,False,1,466
166488,2,0,0,1,0,1,0,16,3,5,0,1,2,5,0,False,True,False,False,1,274
166489,3,1,0,0,0,1,0,17,3,3,3,1,1,3,3,True,False,False,False,1,491
166490,1,1,0,0,0,1,1,16,1,2,3,2,2,5,1,True,False,False,False,1,215
166491,3,0,1,0,1,0,0,15,1,0,4,0,7,2,1,False,False,True,False,1,86
166492,1,0,1,1,1,0,0,12,1,2,2,3,4,0,0,False,True,False,False,1,28
166493,2,0,0,1,0,0,1,11,2,2,0,3,3,1,0,False,True,False,False,1,210
166494,3,0,1,0,1,0,1,14,2,2,1,1,3,2,3,True,False,False,False,1,119
166495,0,1,1,1,0,1,0,13,3,3,1,3,2,0,1,True,False,False,False,1,205
166496,2,0,1,1,0,0,0,13,2,3,0,3,2,3,0,False,False,True,False,1,224
166497,2,0,1,0,0,0,1,13,1,2,3,1,3,1,2,False,False,True,False,1,126
166498,2,1,1,0,1,0,0,13,0,5,1,0,0,2,5,False,True,False,False,0,0
166499,3,1,1,1,0,0,0,16,2,4,2,5,1,1,1,False,True,False,False,1,342
166500,2,1,1,0,0,1,1,13,1,2,2,2,1,4,1,False,True,False,False,1,200
166501,2,0,0,1,0,1,1,16,0,5,1,4,3,2,1,True,False,False,False,1,66
166502,2,0,1,1,0,0,1,16,1,1,3,4,2,4,1,False,False,True,False,1,146
166503,3,0,0,1,0,1,0,16,5,0,5,2,1,1,2,True,False,False,False,1,304
166504,1,1,1,0,0,0,1,14,1,3,2,3,1,1,3,True,False,False,False,1,109
166505,1,1,0,1,0,0,1,14,2,5,1,1,1,3,1,False,True,False,False,1,331
166506,2,1,0,0,1,1,0,13,1,0,0,4,4,3,1,False,True,False,False,1,89
166507,2,0,0,1,1,1,0,16,2,0,1,4,3,2,4,True,False,False,False,1,237
166508,1,1,1,1,0,0,0,13,0,3,2,2,1,3,2,False,True,False,False,1,136
166509,3,0,0,0,0,1,1,16,3,1,0,7,2,2,1,False,False,False,True,1,271
166510,1,0,0,1,0,1,1,14,2,1,4,1,1,3,2,False,True,False,False,1,347
166511,3,0,0,0,1,1,1,14,1,4,3,1,1,2,2,False,False,False,True,1,60
166512,3,0,1,0,0,1,1,14,2,3,5,1,1,2,0,False,False,False,True,1,18
166513,0,0,1,1,1,0,1,12,0,1,4,2,2,0,3,True,False,False,False,1,8
166514,2,1,1,1,1,0,1,14,2,1,3,0,3,1,4,False,True,False,False,1,255
166515,2,1,0,1,0,0,1,14,2,3,1,2,2,2,2,True,False,False,False,1,303
166516,1,1,0,1,1,1,0,14,1,1,2,3,2,1,4,True,False,False,False,1,170
166517,3,0,0,1,0,1,1,16,3,1,2,2,4,1,3,False,False,True,False,1,581
166518,3,0,0,1,0,0,1,14,2,1,1,1,1,3,5,True,False,False,False,1,248
166519,1,1,1,0,0,1,1,14,2,1,1,5,0,3,2,False,False,True,False,1,183
166520,0,1,0,1,1,1,1,14,3,1,2,1,2,1,4,True,False,False,False,1,426
166521,3,1,1,0,1,1,0,17,0,3,2,2,7,1,2,False,False,False,True,1,89
166522,3,0,1,1,0,0,0,15,2,1,0,0,5,4,3,False,False,False,True,1,157
166523,3,0,0,1,0,0,0,15,1,4,0,0,3,5,2,False,True,False,False,1,84
166524,3,0,0,0,0,1,0,15,3,0,4,1,1,2,4,False,False,True,False,1,266
166525,3,1,0,0,0,1,1,16,1,6,2,2,1,1,3,False,True,False,False,1,248
166526,3,0,1,1,0,0,0,14,3,2,2,0,0,2,5,False,True,False,False,0,0
166527,3,0,0,1,0,1,0,14,3,0,0,1,4,4,2,False,False,True,False,1,318
166528,3,1,0,0,1,1,0,12,1,1,2,2,4,0,2,False,False,True,False,1,42
166529,3,0,0,0,0,1,0,12,2,2,1,2,1,1,3,False,True,False,False,1,117
166530,3,1,0,1,1,1,1,15,2,1,1,1,2,6,2,True,False,False,False,1,280
166531,2,0,1,1,0,0,1,14,1,1,5,3,1,0,3,False,False,False,True,1,129
166532,3,0,0,0,1,0,0,14,0,1,4,2,5,2,0,True,False,False,False,1,50
166533,2,0,0,1,1,1,0,15,2,1,4,1,3,1,3,False,False,True,False,1,346
166534,3,1,0,1,0,0,0,16,2,2,2,5,3,0,2,True,False,False,False,1,172
166535,2,1,1,0,0,0,1,13,4,2,0,1,3,2,1,False,False,False,True,1,342
166536,0,1,1,0,1,0,1,13,2,3,0,0,4,3,1,False,False,True,False,1,51
166537,1,0,1,1,1,1,0,11,0,0,4,2,1,4,0,True,False,False,False,1,76
166538,2,1,0,1,0,0,1,13,0,3,2,1,2,0,5,False,False,True,False,1,0
166539,2,1,0,1,1,0,1,14,1,2,4,3,2,0,2,False,False,False,True,1,141
166540,2,1,1,1,1,1,1,16,3,1,3,4,1,3,1,False,False,False,True,1,475
166541,2,0,0,1,1,1,1,13,4,1,1,2,4,1,0,False,False,True,False,1,487
166542,0,1,1,1,0,1,0,11,2,2,1,3,1,0,2,False,True,False,False,1,127
166543,0,1,1,0,1,1,1,16,1,4,0,4,2,1,4,False,True,False,False,1,63
166544,2,1,0,1,1,1,0,17,3,1,2,4,2,1,4,True,False,False,False,1,415
166545,3,0,0,0,0,0,1,15,1,3,0,3,4,2,2,False,True,False,False,1,48
166546,3,0,1,1,0,0,1,16,4,2,1,2,1,4,2,False,True,False,False,1,464
166547,3,1,0,1,0,0,0,12,2,0,3,3,1,1,2,False,False,True,False,1,252
166548,2,0,1,0,0,0,1,14,3,2,1,1,3,3,1,False,True,False,False,1,165
166549,2,0,0,0,1,1,0,14,0,2,2,3,2,1,4,False,True,False,False,1,117
166550,1,1,1,1,1,1,0,16,5,1,2,0,1,5,2,False,True,False,False,1,573
166551,3,0,1,1,1,1,0,13,1,3,0,2,1,2,4,True,False,False,False,1,38
166552,2,1,0,1,0,1,1,12,1,2,1,1,1,4,2,False,True,False,False,1,172
166553,2,1,0,0,1,0,1,17,2,4,2,0,4,4,1,False,False,False,True,1,124
166554,2,0,1,1,1,0,0,15,1,1,4,2,4,1,2,False,False,False,True,1,91
166555,2,0,1,1,0,0,1,12,2,0,2,0,4,3,1,False,False,False,True,1,155
166556,2,1,1,0,0,1,0,12,3,2,1,1,3,2,0,False,False,True,False,1,231
166557,2,0,0,0,1,0,1,15,2,3,2,1,2,4,1,True,False,False,False,1,126
166558,2,1,0,0,0,1,1,14,2,1,3,2,3,3,0,False,False,True,False,1,147
166559,1,1,0,1,1,1,1,16,2,3,2,4,1,1,3,False,False,True,False,1,480
166560,2,1,0,1,0,1,0,15,0,2,5,3,3,0,2,True,False,False,False,1,15
166561,0,1,1,1,0,1,0,15,3,2,4,1,5,0,0,True,False,False,False,1,166
166562,3,0,0,1,1,0,1,17,3,0,1,7,4,1,1,False,False,True,False,1,297
166563,3,0,1,0,0,0,0,16,1,2,4,2,1,5,1,False,True,False,False,1,100
166564,1,1,1,0,1,1,1,13,1,2,3,1,2,3,1,False,False,True,False,1,170
166565,2,0,0,1,1,1,0,16,3,1,2,0,1,5,4,False,False,True,False,1,106
166566,3,0,0,1,1,0,1,15,3,1,4,3,0,1,3,False,False,True,False,1,364
166567,2,1,0,1,1,0,0,14,2,4,5,1,0,1,1,False,False,True,False,1,262
166568,3,0,0,1,0,0,0,15,0,2,5,5,0,2,1,False,True,False,False,1,126
166569,2,1,0,1,0,1,1,12,3,1,0,2,3,1,2,False,True,False,False,1,365
166570,2,0,0,0,1,1,0,15,1,1,1,5,1,5,1,False,False,True,False,1,110
166571,0,1,1,1,0,0,1,11,3,1,0,1,1,2,3,True,False,False,False,1,129
166572,1,1,0,1,0,1,0,12,2,1,1,6,1,0,1,False,False,True,False,1,193
166573,1,0,1,1,0,1,0,13,4,1,2,1,0,4,1,False,True,False,False,1,293
166574,0,0,1,1,1,0,1,13,3,0,1,4,1,1,3,True,False,False,False,1,207
166575,2,1,1,0,0,0,0,13,0,2,2,1,4,2,2,True,False,False,False,1,79
166576,1,1,1,1,0,0,1,16,2,2,2,4,4,2,0,False,False,False,True,1,279
166577,2,0,1,1,0,0,0,15,4,2,5,0,1,1,2,False,False,True,False,1,243
166578,2,1,0,0,1,0,1,14,3,6,0,2,0,2,1,True,False,False,False,1,206
166579,2,0,0,1,0,0,1,16,1,1,3,5,1,2,3,True,False,False,False,1,247
166580,2,0,0,0,1,1,0,13,1,3,5,0,2,1,1,True,False,False,False,0,0
166581,3,1,1,1,0,1,0,13,2,2,0,4,1,2,2,True,False,False,False,1,204
166582,2,1,1,0,1,0,1,14,3,1,3,3,1,2,1,False,False,True,False,1,309
166583,2,0,1,0,0,0,1,15,5,3,0,2,4,0,1,False,False,True,False,1,270
166584,2,0,1,0,0,1,0,14,1,2,1,4,2,2,2,True,False,False,False,1,117
166585,3,0,0,0,1,0,0,15,4,1,0,4,2,2,2,False,False,True,False,1,306
166586,2,0,1,0,1,1,0,15,0,4,0,2,4,3,2,False,True,False,False,1,28
166587,3,0,1,0,1,1,0,15,0,0,4,2,3,3,3,False,False,False,True,1,95
166588,2,0,0,1,1,0,1,17,0,3,1,6,1,3,3,False,False,False,True,1,128
166589,1,0,0,1,1,1,1,12,1,4,1,2,1,2,1,False,False,True,False,1,99
166590,0,0,1,1,1,1,1,16,0,6,1,5,2,0,2,False,True,False,False,1,20
166591,3,1,1,0,0,0,0,13,1,1,1,1,4,4,1,False,False,True,False,1,151
166592,0,0,0,1,1,1,1,11,0,0,1,1,4,5,0,True,False,False,False,1,33
166593,3,0,1,0,0,0,0,13,5,2,1,0,4,1,0,False,True,False,False,1,222
166594,2,1,1,1,1,1,0,14,4,2,0,1,0,3,4,False,False,False,True,1,366
166595,3,0,0,0,1,1,0,15,3,3,3,0,0,4,2,False,False,False,True,0,0
166596,2,1,1,0,1,0,1,14,3,1,2,3,3,2,0,True,False,False,False,1,276
166597,2,0,0,1,0,1,1,13,1,3,3,4,2,0,0,False,True,False,False,1,27
166598,3,1,1,1,0,0,1,16,3,1,3,2,4,0,3,False,True,False,False,1,234
166599,1,1,0,1,0,0,1,14,1,2,3,2,1,0,5,True,False,False,False,0,0
166600,2,1,0,0,1,0,1,14,1,1,2,4,1,2,3,False,False,False,True,1,159
166601,0,1,0,1,0,1,1,14,2,1,4,4,1,2,0,True,False,False,False,1,266
166602,3,1,1,1,0,0,0,14,4,2,2,0,3,2,1,True,False,False,False,1,478
166603,3,0,0,0,1,1,1,13,1,2,0,1,0,8,1,False,False,True,False,0,0
166604,3,0,0,0,0,0,1,13,4,2,3,0,1,1,2,False,False,True,False,0,0
166605,3,1,1,1,1,0,1,15,2,1,3,4,1,2,2,False,False,True,False,1,344
166606,1,0,0,1,1,1,0,16,0,4,2,2,1,2,5,False,False,True,False,1,161
166607,3,0,0,1,1,1,0,11,1,1,2,0,0,2,5,False,False,False,True,0,0
166608,2,0,1,0,1,0,1,16,1,2,4,1,2,5,1,True,False,False,False,1,114
166609,3,1,1,0,0,1,0,14,0,5,2,1,4,2,0,True,False,False,False,1,35
166610,2,1,0,1,1,0,1,16,3,2,3,2,4,0,2,False,True,False,False,1,219
166611,1,1,1,0,0,1,0,13,0,4,4,1,1,2,1,True,False,False,False,0,0
166612,3,0,0,1,0,0,0,14,2,3,4,3,0,2,0,True,False,False,False,1,273
166613,3,1,1,0,0,0,0,14,2,3,2,1,2,3,1,True,False,False,False,1,249
166614,3,0,0,1,0,0,1,12,2,2,3,3,1,0,1,True,False,False,False,1,177
166615,3,1,1,0,0,1,1,13,1,4,1,2,2,3,0,True,False,False,False,1,149
166616,1,1,1,1,1,0,0,12,2,1,0,1,3,1,4,False,True,False,False,1,121
166617,1,1,1,0,1,1,0,13,1,1,3,3,3,0,2,True,False,False,False,1,57
166618,1,0,1,1,1,0,1,13,2,1,4,1,3,1,1,False,False,True,False,1,244
166619,3,0,0,1,1,0,0,15,2,6,1,0,2,2,2,False,False,False,True,1,102
166620,2,1,1,1,0,0,1,17,2,1,4,1,2,3,4,False,True,False,False,1,457
166621,2,1,0,0,0,0,1,13,1,3,1,0,6,1,1,False,True,False,False,1,125
166622,1,1,0,0,0,1,1,15,1,2,5,1,1,3,2,False,True,False,False,1,240
166623,2,0,1,0,1,1,0,15,1,5,3,3,2,1,0,True,False,False,False,1,25
166624,3,0,1,0,1,0,0,12,1,1,2,5,1,1,1,False,True,False,False,1,95
166625,2,0,0,1,0,1,0,16,4,2,3,1,2,2,2,False,False,True,False,1,546
166626,3,1,0,0,1,1,1,13,2,3,2,2,1,2,1,False,False,False,True,1,183
166627,3,0,0,0,1,0,0,14,1,4,3,1,1,2,2,False,True,False,False,1,133
166628,1,1,0,1,0,0,1,13,3,2,1,2,1,2,2,False,True,False,False,1,399
166629,2,0,0,0,1,1,1,14,2,2,3,1,1,3,2,False,False,False,True,1,125
166630,3,0,1,1,0,1,0,14,5,2,2,2,2,0,1,False,False,False,True,1,738
166631,2,1,1,1,1,0,1,17,1,1,2,4,0,4,5,False,False,True,False,1,212
166632,2,0,0,1,1,1,0,13,4,2,0,0,3,1,3,True,False,False,False,1,315
166633,3,1,0,0,0,0,1,13,0,4,1,2,1,2,3,False,True,False,False,1,121
166634,3,0,0,0,1,0,0,13,4,0,1,1,3,4,0,False,True,False,False,1,180
166635,3,1,0,0,1,1,1,14,2,1,1,2,3,3,2,False,False,False,True,1,191
166636,2,1,1,1,1,1,0,16,0,1,5,1,4,0,5,True,False,False,False,1,9
166637,2,1,1,0,0,0,0,16,4,1,1,5,2,0,3,True,False,False,False,1,120
166638,0,1,1,0,0,1,1,16,4,1,0,3,1,4,3,False,False,True,False,1,221
166639,2,1,1,0,0,0,0,14,2,2,1,2,2,3,2,True,False,False,False,1,177
166640,3,1,0,0,0,1,0,14,2,1,3,0,1,1,6,False,True,False,False,0,0
166641,3,1,0,0,0,1,0,12,1,1,4,2,2,1,1,True,False,False,False,1,159
166642,3,0,1,1,1,1,0,13,0,1,2,3,4,2,1,False,False,True,False,1,107
166643,3,1,1,1,0,0,1,15,1,1,1,3,2,1,6,False,True,False,False,1,143
166644,3,0,0,1,1,0,1,14,5,0,2,3,4,0,0,True,False,False,False,1,303
166645,3,1,0,0,0,0,0,16,2,4,3,1,3,1,2,False,False,True,False,1,259
166646,2,0,1,1,1,1,0,16,4,2,3,0,0,5,2,False,False,False,True,0,0
166647,2,1,0,0,1,0,0,14,2,1,1,1,3,5,1,True,False,False,False,1,147
166648,3,0,1,0,0,1,0,15,1,7,2,2,3,0,0,True,False,False,False,1,12
166649,1,0,1,0,1,1,0,15,1,2,2,3,2,3,2,False,True,False,False,1,143
166650,1,1,1,1,0,1,0,13,3,1,0,3,2,1,3,False,False,True,False,1,344
166651,3,0,1,0,1,0,0,15,4,2,3,1,1,2,2,False,False,True,False,1,622
166652,3,1,0,1,0,0,0,14,0,3,3,2,2,2,2,False,True,False,False,1,145
166653,3,1,1,0,0,0,0,15,1,5,3,0,1,1,4,False,True,False,False,0,0
166654,3,0,0,1,0,0,1,14,2,0,3,2,2,4,1,True,False,False,False,1,188
166655,2,0,1,0,1,0,0,13,2,4,3,1,1,1,1,False,True,False,False,0,0
166656,2,0,0,0,1,1,1,14,1,3,1,2,3,1,3,False,False,True,False,1,113
166657,2,1,1,0,1,0,1,14,2,3,0,2,4,1,2,False,False,False,True,1,95
166658,2,0,1,0,1,1,1,14,4,1,0,2,1,3,3,False,False,True,False,1,639
166659,1,0,0,0,1,1,1,12,1,1,1,0,1,5,3,True,False,False,False,0,0
166660,2,1,1,0,1,0,1,12,3,1,2,3,0,2,1,True,False,False,False,1,183
166661,2,0,1,0,0,0,1,12,2,2,3,2,0,1,2,True,False,False,False,0,0
166662,3,1,0,0,0,0,1,13,1,4,0,3,1,1,3,False,False,False,True,1,92
166663,3,0,0,1,1,1,1,14,3,1,3,2,0,1,4,False,True,False,False,1,451
166664,1,1,1,1,0,1,0,13,3,1,3,3,1,2,0,False,False,True,False,1,283
166665,3,1,0,0,0,1,1,14,4,2,3,0,3,0,2,False,True,False,False,1,246
166666,2,0,0,1,1,0,1,13,2,1,3,3,2,1,1,False,False,False,True,1,284
166667,2,1,0,1,1,1,1,17,1,4,2,5,0,4,1,True,False,False,False,1,229
166668,2,0,0,0,0,1,1,14,5,2,2,1,2,0,2,True,False,False,False,1,171
166669,3,1,0,0,1,0,1,15,2,1,0,1,5,2,4,False,False,True,False,1,107
166670,0,0,1,1,1,0,1,15,2,2,2,0,2,1,6,False,True,False,False,0,0
166671,3,1,1,1,0,0,1,14,2,1,3,3,2,0,3,False,True,False,False,1,201
166672,0,0,1,0,1,1,1,16,1,2,3,5,2,1,2,False,False,True,False,1,172
166673,2,0,0,1,0,1,0,15,3,2,1,1,2,4,2,True,False,False,False,1,456
166674,3,1,0,0,0,0,1,14,2,3,2,0,3,4,0,False,False,True,False,1,174
166675,3,0,1,0,0,0,0,14,6,3,3,1,0,0,1,False,True,False,False,0,0
166676,2,1,1,1,0,0,1,13,2,1,1,1,2,3,3,False,False,False,True,1,256
166677,2,0,1,0,0,1,1,17,1,3,4,1,3,4,1,False,False,True,False,1,82
166678,2,1,1,1,0,1,1,12,3,1,2,1,0,4,1,False,False,False,True,1,357
166679,2,1,1,0,0,0,0,15,2,1,2,2,3,2,3,True,False,False,False,1,205
166680,1,1,0,0,1,1,1,13,1,1,2,2,1,2,4,False,False,True,False,1,217
166681,3,1,0,0,1,0,1,15,2,4,0,4,3,2,0,False,True,False,False,1,151
166682,3,0,1,1,0,0,1,15,0,1,6,1,2,0,5,False,False,False,True,1,77
166683,3,1,0,1,0,1,1,14,2,2,3,0,2,2,3,False,True,False,False,1,352
166684,2,1,1,0,0,1,1,11,1,2,5,0,1,2,0,False,False,False,True,0,0
166685,1,1,1,0,1,0,1,15,1,0,1,5,1,3,4,False,False,False,True,1,152
166686,1,1,0,0,0,1,1,13,1,0,3,2,0,0,7,False,True,False,False,0,0
166687,3,0,1,0,0,0,1,16,1,0,3,0,4,3,5,False,False,False,True,1,98
166688,3,1,0,0,0,0,1,13,5,1,3,1,0,1,2,False,False,True,False,1,184
166689,3,0,1,1,0,1,0,13,5,1,2,0,1,1,3,False,False,True,False,1,580
166690,1,1,1,1,0,0,0,14,2,3,2,2,3,1,1,False,True,False,False,1,347
166691,1,0,0,1,1,1,0,13,1,2,3,2,4,0,1,False,False,True,False,1,55
166692,2,0,0,1,1,0,0,15,2,1,4,1,3,3,1,True,False,False,False,1,267
166693,3,1,0,1,0,0,0,14,0,1,3,3,1,4,2,False,False,False,True,1,118
166694,3,1,0,0,1,0,1,13,3,0,4,2,3,0,1,False,False,True,False,1,90
166695,2,1,0,0,1,1,0,15,3,7,0,3,2,0,0,True,False,False,False,1,168
166696,1,0,0,1,0,1,1,17,1,4,0,0,5,2,5,False,False,True,False,1,10
166697,2,1,1,0,1,0,0,12,1,2,3,0,1,4,1,False,True,False,False,0,0
166698,1,1,0,1,0,1,0,14,3,0,4,1,3,1,2,True,False,False,False,1,386
166699,1,1,0,1,0,1,0,15,1,2,3,3,2,1,3,True,False,False,False,1,50
166700,3,1,0,0,1,1,0,12,2,2,0,1,1,3,3,False,True,False,False,1,103
166701,1,0,0,1,1,1,0,15,2,0,0,4,3,4,2,False,True,False,False,1,118
166702,1,0,1,1,0,1,1,12,3,1,1,1,1,2,3,True,False,False,False,1,380
166703,3,0,1,1,1,1,0,12,1,0,1,3,6,1,0,False,False,True,False,1,92
166704,1,1,0,1,1,0,1,13,1,0,1,1,3,3,4,True,False,False,False,1,126
166705,1,0,0,0,1,1,1,15,2,4,2,3,2,2,0,False,False,True,False,1,71
166706,3,1,0,1,0,0,0,16,0,3,0,4,4,3,2,False,False,True,False,1,59
166707,3,0,0,1,1,1,0,12,1,1,1,3,0,5,1,False,False,True,False,1,83
166708,3,0,1,0,0,0,1,13,0,4,3,2,3,1,0,True,False,False,False,1,42
166709,0,1,1,0,0,1,1,14,3,2,1,3,0,3,2,False,False,True,False,1,388
166710,2,0,1,0,1,0,0,14,4,3,0,4,2,1,0,False,False,True,False,1,414
166711,2,0,0,0,1,1,1,15,0,0,4,1,1,2,7,True,False,False,False,0,0
166712,3,0,0,0,1,1,1,14,1,2,4,3,1,1,2,False,True,False,False,1,95
166713,3,1,0,1,1,0,1,11,2,3,1,1,0,4,0,False,True,False,False,1,292
166714,0,0,0,1,1,1,1,16,6,1,2,4,2,1,0,False,True,False,False,1,339
166715,2,0,1,1,0,0,1,17,2,3,5,4,0,1,2,True,False,False,False,1,232
166716,3,1,1,0,1,0,0,13,0,2,2,1,3,4,1,False,False,True,False,1,82
166717,3,0,1,0,1,0,1,13,2,4,0,4,1,2,0,False,False,True,False,1,82
166718,2,1,0,0,0,1,0,16,1,0,5,4,2,1,3,False,False,True,False,1,245
166719,3,1,0,0,1,1,1,16,4,2,0,3,1,4,2,False,False,True,False,1,534
166720,3,0,0,0,1,0,1,12,1,1,2,3,4,1,0,False,False,True,False,1,71
166721,2,1,1,0,0,1,0,16,0,1,1,2,3,4,5,True,False,False,False,1,131
166722,3,1,1,0,0,1,0,14,0,0,1,2,2,6,3,True,False,False,False,1,120
166723,2,1,0,0,0,0,1,12,1,2,2,2,0,3,2,True,False,False,False,1,195
166724,0,1,1,1,0,1,1,13,1,2,2,3,2,2,1,False,True,False,False,1,237
166725,3,0,1,0,1,0,0,14,2,1,2,2,2,3,2,False,False,True,False,1,135
166726,2,1,0,0,0,0,1,14,3,1,4,0,4,1,1,False,True,False,False,1,207
166727,0,1,1,0,1,1,1,16,5,1,2,4,1,1,2,False,False,False,True,1,732
166728,3,1,0,1,0,0,0,14,2,1,4,3,2,1,1,False,False,False,True,1,232
166729,3,0,1,1,0,0,0,14,0,5,4,0,1,3,1,True,False,False,False,0,0
166730,3,0,0,0,1,0,1,14,1,2,1,2,3,2,3,True,False,False,False,1,99
166731,1,1,1,1,0,0,1,14,4,4,2,2,0,0,2,False,True,False,False,0,0
166732,1,0,1,1,1,0,1,12,0,1,1,0,6,2,2,True,False,False,False,1,75
166733,1,0,1,1,1,1,1,14,3,0,4,3,1,1,2,False,True,False,False,1,456
166734,2,1,1,1,0,1,0,12,2,3,2,1,1,2,1,False,False,True,False,1,400
166735,2,1,1,0,0,1,0,14,0,2,2,2,1,4,3,True,False,False,False,1,186
166736,3,0,0,0,1,1,1,17,4,2,4,2,2,2,1,False,True,False,False,1,606
166737,0,0,1,1,1,0,1,14,5,0,1,1,1,4,2,False,False,True,False,1,761
166738,2,1,0,1,1,0,1,16,2,2,1,4,3,4,0,True,False,False,False,1,370
166739,3,1,0,0,1,1,1,13,1,1,3,3,1,3,1,True,False,False,False,1,148
166740,3,0,0,0,1,0,1,12,3,2,1,1,4,0,1,False,True,False,False,1,134
166741,3,1,0,0,1,1,0,16,1,4,3,2,3,1,2,False,False,False,True,1,144
166742,3,1,0,0,0,0,0,15,2,4,1,4,0,2,2,False,True,False,False,1,204
166743,3,0,0,0,0,0,1,16,1,4,0,1,2,4,4,False,True,False,False,1,13
166744,2,1,1,1,1,0,1,15,1,3,0,1,7,2,1,False,False,False,True,1,122
166745,0,0,1,1,1,0,1,12,3,1,0,0,2,3,3,True,False,False,False,0,0
166746,3,1,0,1,1,1,1,15,5,2,1,4,1,1,1,True,False,False,False,1,537
166747,2,0,1,0,0,0,1,12,1,3,2,2,2,2,0,False,False,True,False,1,46
166748,0,1,1,1,1,0,1,14,0,4,2,2,0,2,4,True,False,False,False,0,0
166749,2,1,0,1,1,1,1,13,2,3,0,4,0,1,3,True,False,False,False,1,194
166750,3,0,0,1,1,1,1,15,1,1,4,3,0,5,1,False,False,True,False,1,82
166751,3,1,1,0,0,0,0,14,3,1,4,1,1,2,2,False,False,True,False,1,169
166752,1,1,0,1,0,0,1,17,3,2,6,1,0,0,5,False,False,True,False,0,0
166753,3,1,0,1,0,0,0,14,2,2,4,0,2,4,0,False,False,True,False,1,144
166754,1,1,1,1,1,0,1,14,1,2,3,4,2,0,2,False,False,True,False,1,52
166755,2,1,1,0,1,1,0,13,1,5,3,0,1,3,0,False,False,True,False,0,0
166756,0,1,1,1,1,1,0,13,2,1,3,0,1,1,5,False,False,True,False,1,138
166757,3,1,1,0,0,0,0,14,4,1,2,1,3,2,1,True,False,False,False,1,356
166758,1,1,0,1,0,1,1,15,2,1,2,3,3,4,0,True,False,False,False,1,300
166759,2,1,1,0,0,1,0,17,1,3,3,1,4,0,5,False,False,True,False,1,46
166760,2,1,1,1,0,0,0,11,3,1,3,2,0,0,2,True,False,False,False,0,0
166761,1,0,0,1,1,0,1,16,3,1,0,5,3,1,3,False,False,True,False,1,297
166762,3,0,0,1,1,1,1,15,3,3,0,2,3,2,2,True,False,False,False,1,396
166763,3,1,1,1,0,0,1,13,1,2,3,3,0,2,2,True,False,False,False,1,151
166764,1,1,1,0,1,1,0,17,0,2,3,4,3,1,4,True,False,False,False,1,100
166765,2,1,1,1,0,0,0,15,4,4,1,2,1,1,2,False,False,True,False,1,482
166766,1,1,1,1,0,1,0,16,3,3,0,4,3,2,1,False,False,False,True,1,365
166767,3,1,0,0,0,0,0,16,3,3,3,2,1,2,2,False,True,False,False,1,274
166768,2,0,1,0,0,1,0,14,1,5,3,0,3,1,1,False,True,False,False,1,74
166769,2,1,1,1,1,1,1,13,2,1,5,0,2,1,2,False,True,False,False,0,0
166770,2,0,0,1,1,0,1,12,1,1,0,2,0,3,5,True,False,False,False,1,12
166771,3,0,1,0,0,1,0,15,4,4,1,1,2,2,1,False,False,False,True,1,280
166772,3,0,1,1,0,0,0,13,3,3,1,1,0,5,0,True,False,False,False,1,235
166773,0,1,1,1,0,0,1,14,1,0,6,2,3,2,0,False,True,False,False,1,120
166774,3,0,0,1,0,0,0,15,3,2,3,0,3,2,2,True,False,False,False,0,0
166775,3,1,0,0,1,1,1,17,3,3,1,2,3,5,0,False,False,True,False,1,373
166776,2,1,0,1,1,0,1,14,5,1,1,2,1,3,1,True,False,False,False,1,438
166777,1,1,1,0,1,0,1,11,0,1,0,3,3,2,2,False,False,True,False,1,44
166778,3,1,0,1,1,0,0,15,2,3,0,2,1,4,3,False,True,False,False,1,279
166779,3,0,0,0,1,0,0,13,3,3,2,0,3,0,2,True,False,False,False,1,113
166780,2,1,1,0,1,0,0,13,1,1,2,2,0,3,4,True,False,False,False,1,167
166781,2,1,1,0,1,0,0,13,3,1,3,2,1,2,1,False,False,True,False,1,223
166782,3,1,0,1,0,0,1,13,0,1,1,4,0,3,4,True,False,False,False,1,88
166783,3,1,0,1,1,1,0,15,0,4,3,3,0,2,3,True,False,False,False,1,114
166784,2,0,0,1,1,1,0,15,4,3,0,1,2,1,4,False,False,True,False,1,546
166785,3,0,0,0,1,1,0,14,1,1,4,1,2,3,2,False,False,False,True,1,88
166786,1,1,1,0,1,1,1,13,1,0,2,0,3,4,3,False,False,False,True,1,100
166787,2,0,1,0,1,0,1,17,2,6,1,4,2,2,0,True,False,False,False,1,62
166788,2,1,1,0,0,0,1,12,1,2,1,1,0,3,4,False,True,False,False,1,119
166789,3,1,0,0,1,0,1,12,2,3,2,1,1,3,0,False,False,True,False,1,179
166790,0,0,1,1,1,0,1,16,2,1,1,0,2,7,3,True,False,False,False,0,0
166791,3,1,0,1,0,1,0,13,5,1,0,1,4,0,2,False,True,False,False,1,322
166792,2,0,1,1,0,0,1,14,2,3,1,1,2,2,3,False,False,True,False,1,291
166793,3,1,1,0,1,0,0,14,1,0,4,0,2,4,3,True,False,False,False,0,0
166794,3,1,0,1,1,1,0,14,2,2,1,1,1,3,4,False,False,False,True,1,294
166795,2,0,1,0,0,1,1,14,6,0,2,1,1,3,1,False,False,False,True,1,421
166796,3,0,0,1,0,0,0,15,3,2,3,0,2,3,2,False,False,True,False,1,172
166797,3,0,1,1,1,1,1,16,0,1,2,5,4,3,1,True,False,False,False,1,116
166798,3,0,1,0,0,0,1,15,2,0,4,1,1,4,3,False,False,False,True,1,90
166799,2,0,1,0,1,0,1,15,4,2,1,0,2,2,4,True,False,False,False,0,0
166800,3,0,0,1,0,0,1,16,2,0,1,3,3,7,0,True,False,False,False,1,126
166801,1,1,0,0,1,1,1,14,2,2,1,0,1,5,3,False,False,True,False,0,0
166802,1,1,0,0,1,1,0,14,1,0,3,4,2,2,2,False,False,True,False,1,198
166803,2,1,1,1,0,0,1,13,2,3,5,1,1,1,0,False,True,False,False,0,0
166804,3,1,0,0,0,1,1,15,2,3,3,1,1,1,4,False,False,True,False,1,271
166805,3,1,0,0,0,0,0,15,1,4,0,4,0,2,4,False,True,False,False,1,102
166806,3,1,1,0,1,1,0,14,2,2,5,1,0,1,3,False,False,False,True,0,0
166807,0,1,0,1,1,1,0,15,2,0,3,1,2,4,3,False,False,True,False,1,251
166808,2,0,1,0,1,1,0,11,2,0,0,3,3,1,2,True,False,False,False,1,57
166809,0,1,1,0,1,1,0,14,3,0,2,5,2,1,1,False,False,True,False,1,327
166810,2,0,1,1,1,0,1,14,2,0,3,4,2,2,1,True,False,False,False,1,199
166811,2,1,0,0,0,0,1,12,2,3,1,3,2,1,0,False,False,True,False,1,189
166812,1,1,0,1,0,1,0,14,3,3,2,4,0,1,1,True,False,False,False,1,341
166813,3,0,1,1,0,1,0,13,3,1,2,2,3,2,0,False,False,False,True,1,339
166814,3,1,0,1,1,1,1,16,3,0,2,3,3,3,2,False,True,False,False,1,463
166815,2,1,0,0,1,1,1,13,2,0,4,2,3,1,1,False,True,False,False,1,141
166816,3,0,1,0,0,0,0,13,1,1,3,2,2,4,0,True,False,False,False,1,70
166817,3,1,0,1,1,1,0,15,2,6,3,0,1,3,0,True,False,False,False,0,0
166818,2,0,0,1,0,0,1,16,3,3,4,3,1,2,0,True,False,False,False,1,395
166819,3,0,0,1,1,0,0,14,3,2,1,2,3,2,1,True,False,False,False,1,298
166820,3,0,0,1,0,1,0,15,1,3,3,2,2,3,1,False,False,False,True,1,102
166821,3,0,0,0,1,1,0,14,0,1,2,3,2,5,1,False,False,True,False,1,97
166822,3,1,1,1,0,0,0,14,1,0,2,1,4,3,3,False,False,False,True,1,132
166823,3,0,0,1,0,0,0,15,5,3,0,2,2,0,3,True,False,False,False,1,337
166824,3,1,1,0,0,1,0,14,6,1,1,5,1,0,0,False,True,False,False,1,299
166825,2,0,1,0,0,0,1,13,1,3,3,1,1,3,1,False,False,True,False,1,72
166826,2,1,0,0,1,0,1,16,2,0,3,2,2,3,4,False,True,False,False,1,275
166827,1,1,1,0,1,1,0,12,1,2,0,4,3,1,1,False,True,False,False,1,78
166828,2,1,0,0,1,1,0,14,4,2,3,1,2,0,2,False,False,False,True,1,522
166829,3,0,1,0,1,0,1,14,1,5,0,2,3,3,0,False,False,False,True,1,29
166830,2,1,0,0,0,0,1,15,3,0,4,2,2,3,1,False,False,True,False,1,141
166831,3,0,0,0,0,1,0,14,1,5,0,1,3,2,2,False,False,True,False,1,18
166832,1,0,1,1,1,1,0,14,3,2,3,1,4,1,0,False,False,True,False,1,439
166833,3,0,0,1,1,1,1,13,1,3,0,4,1,3,1,False,False,True,False,1,86
166834,2,1,1,0,1,0,0,14,3,3,1,2,1,0,4,False,True,False,False,0,0
166835,2,1,1,1,1,1,0,12,3,2,3,1,2,0,1,False,False,True,False,1,271
166836,0,1,1,1,1,1,0,14,1,2,3,3,1,3,1,False,True,False,False,1,233
166837,0,1,0,0,1,1,1,14,3,3,2,2,0,2,2,False,False,True,False,1,453
166838,3,0,1,1,0,1,0,13,3,0,3,1,1,4,1,False,False,True,False,1,290
166839,3,0,1,0,1,0,1,15,7,2,0,1,2,1,2,False,True,False,False,1,1178
166840,3,1,1,0,0,1,1,16,3,1,1,5,5,1,0,False,False,True,False,1,323
166841,3,1,1,0,1,0,0,17,1,1,3,0,2,4,6,False,False,True,False,0,0
166842,3,0,1,0,1,0,0,14,2,2,0,1,4,2,3,False,True,False,False,1,29
166843,3,1,0,1,0,0,1,11,0,4,1,2,1,2,1,True,False,False,False,1,73
166844,3,1,1,1,1,0,0,12,2,2,1,1,0,4,2,False,False,False,True,1,241
166845,0,1,1,0,0,1,1,15,0,2,4,3,3,2,1,True,False,False,False,1,102
166846,2,1,1,1,0,0,0,12,0,3,1,3,1,3,1,False,False,False,True,1,86
166847,3,1,0,0,1,1,1,13,1,2,3,3,1,1,2,False,True,False,False,1,129
166848,2,0,0,0,0,1,1,13,0,1,2,1,4,2,3,True,False,False,False,1,175
166849,3,0,0,1,0,1,0,16,5,2,1,4,2,1,1,False,False,True,False,1,447
166850,3,0,1,1,0,0,1,12,1,3,1,2,2,1,2,False,False,True,False,1,164
166851,3,0,1,0,1,0,0,15,4,4,0,4,0,0,3,False,True,False,False,1,192
166852,3,0,0,1,0,0,1,17,1,4,2,0,2,4,4,True,False,False,False,1,18
166853,2,1,0,1,0,0,1,15,0,1,3,3,2,3,3,False,False,False,True,1,102
166854,1,1,1,0,0,0,1,14,0,2,1,1,1,4,5,False,False,True,False,1,90
166855,2,1,0,1,0,1,0,14,2,2,3,3,1,2,1,False,False,True,False,1,416
166856,2,0,1,0,0,1,0,13,1,3,2,3,0,1,3,True,False,False,False,1,76
166857,3,1,0,0,0,0,1,14,0,1,2,0,4,4,3,False,False,True,False,1,135
166858,2,1,1,0,0,1,1,17,3,1,7,1,1,3,1,False,False,True,False,1,296
166859,1,1,0,0,1,1,1,15,1,2,0,2,3,3,4,False,False,False,True,1,60
166860,1,1,0,1,0,0,1,13,1,0,2,4,1,3,2,False,False,True,False,1,191
166861,3,0,0,1,1,1,0,13,2,1,3,3,0,1,3,True,False,False,False,1,150
166862,3,0,0,1,0,1,1,15,0,1,3,6,1,3,1,False,True,False,False,1,150
166863,0,0,0,1,1,1,1,13,2,1,1,4,1,2,2,True,False,False,False,1,173
166864,3,0,0,1,0,0,1,15,1,3,3,3,2,1,2,False,True,False,False,1,142
166865,3,0,0,0,1,0,0,15,4,0,3,3,2,1,2,False,False,True,False,1,258
166866,3,1,0,1,0,1,0,13,1,2,2,2,2,3,1,True,False,False,False,1,206
166867,3,0,1,0,0,1,1,13,1,2,5,1,2,2,0,True,False,False,False,1,33
166868,2,1,0,1,0,1,0,12,3,3,0,2,0,2,2,False,False,False,True,1,368
166869,0,1,1,1,0,0,1,13,3,2,1,2,2,2,1,False,True,False,False,1,378
166870,2,0,0,0,1,0,1,15,1,4,1,2,4,2,1,False,False,True,False,1,96
166871,3,1,0,0,0,1,0,16,2,0,2,1,4,3,4,False,False,False,True,1,198
166872,2,1,0,1,0,1,1,14,0,1,1,1,4,2,5,True,False,False,False,1,95
166873,2,0,0,0,0,1,1,11,1,3,1,3,2,1,0,True,False,False,False,1,21
166874,3,1,0,1,0,0,0,14,1,5,2,2,1,0,3,False,False,False,True,1,204
166875,2,0,0,0,1,1,1,12,4,2,0,3,0,2,1,False,False,False,True,1,360
166876,3,0,1,0,0,0,1,13,2,2,0,2,2,5,0,True,False,False,False,1,46
166877,3,0,0,1,0,1,0,13,2,2,3,0,5,0,1,True,False,False,False,1,114
166878,2,1,1,0,0,0,0,13,1,4,2,2,0,1,3,True,False,False,False,0,0
166879,3,0,1,0,0,1,1,12,3,1,0,3,2,3,0,False,False,True,False,1,180
166880,2,0,1,0,1,1,0,14,1,5,0,1,2,0,5,False,False,True,False,0,0
166881,3,0,1,0,0,0,0,16,2,1,2,4,2,3,2,False,True,False,False,1,181
166882,3,1,1,0,0,0,0,17,4,2,3,1,1,0,6,False,False,False,True,0,0
166883,2,0,1,1,1,1,1,13,0,3,0,2,1,3,4,True,False,False,False,1,17
166884,1,1,1,1,1,0,0,14,2,1,1,5,1,2,2,True,False,False,False,1,213
166885,1,0,1,1,0,1,1,14,2,2,3,2,1,1,3,False,False,True,False,1,354
166886,3,0,0,0,0,1,1,12,1,1,2,1,2,5,0,False,False,False,True,1,29
166887,2,0,0,1,1,0,0,12,1,2,2,1,5,1,0,False,True,False,False,1,69
166888,2,0,0,0,1,1,1,14,2,1,2,5,1,0,3,False,False,True,False,1,33
166889,3,0,1,0,0,0,0,15,0,1,3,3,5,1,2,False,False,True,False,1,158
166890,2,1,1,1,0,0,0,11,0,3,0,1,1,3,3,False,False,True,False,1,5
166891,3,0,0,0,1,0,0,16,7,3,1,2,2,0,1,True,False,False,False,1,308
166892,3,0,1,0,0,0,1,14,1,2,2,2,4,0,3,False,False,True,False,1,19
166893,1,0,1,1,1,1,0,12,4,2,2,1,0,1,2,False,True,False,False,0,0
166894,1,0,0,1,1,1,0,14,2,3,2,2,3,0,2,False,True,False,False,1,132
166895,2,1,0,1,1,1,0,16,3,3,3,2,2,2,1,False,False,False,True,1,450
166896,2,0,0,0,1,1,0,12,2,1,2,0,1,3,3,True,False,False,False,0,0
166897,2,1,1,0,0,0,0,12,3,2,2,0,3,2,0,True,False,False,False,1,181
166898,3,0,1,0,0,0,0,15,1,2,2,5,1,2,2,True,False,False,False,1,109
166899,3,0,1,0,0,1,0,15,2,3,1,2,3,4,0,False,False,False,True,1,58
166900,3,1,0,0,0,0,1,13,3,3,2,0,3,2,0,False,True,False,False,1,273
166901,2,0,0,1,0,0,1,17,4,2,3,3,1,3,1,True,False,False,False,1,416
166902,0,1,1,0,1,1,0,11,0,3,1,3,1,3,0,False,False,True,False,1,44
166903,1,1,0,0,0,1,1,14,3,1,2,5,0,2,1,False,True,False,False,1,377
166904,3,0,0,1,0,1,1,12,2,2,0,4,0,4,0,True,False,False,False,1,198
166905,3,0,0,1,1,0,0,12,1,1,2,5,1,2,0,False,True,False,False,1,177
166906,3,1,0,1,0,0,1,12,0,0,2,4,4,1,1,True,False,False,False,1,79
166907,3,0,1,0,0,0,0,13,0,0,2,4,2,2,3,True,False,False,False,1,196
166908,2,1,0,0,0,1,1,13,1,0,2,1,4,2,3,True,False,False,False,1,131
166909,2,1,1,0,1,1,1,15,1,2,5,2,2,2,1,False,True,False,False,1,215
166910,3,0,0,0,1,0,1,16,2,2,4,0,2,1,5,False,True,False,False,0,0
166911,3,1,1,1,0,0,1,13,0,1,2,2,1,5,2,True,False,False,False,1,142
166912,0,1,1,1,1,1,0,13,1,4,3,4,0,0,1,False,False,True,False,1,40
166913,3,1,1,1,0,0,0,15,1,1,0,2,3,2,6,True,False,False,False,1,88
166914,2,1,0,1,1,0,1,11,1,0,1,1,1,2,5,False,False,True,False,1,140
166915,3,0,0,0,0,1,1,14,0,1,1,5,3,4,0,True,False,False,False,1,80
166916,3,0,0,0,0,1,1,16,1,1,0,4,2,7,1,False,False,True,False,1,47
166917,3,1,0,1,0,1,0,16,3,5,2,4,0,1,1,True,False,False,False,1,357
166918,1,0,1,1,1,1,1,14,2,2,1,2,4,2,1,False,False,False,True,1,253
166919,3,1,1,1,1,1,1,11,1,1,1,1,3,1,3,False,False,True,False,1,173
166920,1,0,1,1,1,0,0,11,1,3,1,1,1,3,1,True,False,False,False,1,104
166921,3,1,0,1,1,0,1,14,2,4,1,6,0,1,0,True,False,False,False,1,243
166922,2,0,1,0,0,1,1,11,2,4,0,2,2,0,1,False,False,False,True,1,62
166923,3,0,1,0,1,0,0,15,4,3,3,1,0,2,2,False,False,True,False,1,305
166924,3,0,0,0,0,1,0,11,2,3,0,2,2,2,0,False,False,True,False,1,48
166925,2,1,0,0,1,0,0,13,1,1,0,3,1,3,4,True,False,False,False,1,72
166926,0,1,1,0,1,1,0,13,0,3,3,0,2,2,3,False,True,False,False,1,31
166927,3,1,0,0,0,0,0,17,5,0,5,1,2,2,2,False,False,True,False,1,172
166928,3,1,1,1,0,0,0,13,0,2,3,2,1,5,0,True,False,False,False,1,58
166929,1,1,0,1,1,1,0,15,4,3,1,3,1,1,2,True,False,False,False,1,413
166930,2,0,1,0,1,1,0,15,2,2,2,2,2,1,4,True,False,False,False,1,137
166931,3,0,1,1,0,1,1,13,4,0,1,3,4,0,1,True,False,False,False,1,316
166932,3,0,1,0,0,0,0,13,1,1,3,4,3,0,1,False,True,False,False,1,29
166933,2,0,1,0,0,0,1,13,0,3,3,2,2,1,2,False,False,True,False,1,140
166934,0,1,1,0,1,0,1,13,0,1,4,2,2,2,2,True,False,False,False,1,104
166935,1,1,0,1,0,0,1,16,3,1,5,0,3,4,0,False,True,False,False,1,255
166936,3,1,0,0,0,0,0,12,0,1,2,0,1,4,4,False,False,True,False,0,0
166937,3,0,0,0,1,0,0,13,1,1,2,0,4,4,1,False,False,True,False,1,64
166938,2,1,0,1,0,0,1,13,2,2,0,1,1,4,3,False,False,True,False,1,234
166939,3,1,0,1,0,1,0,15,3,0,2,0,4,3,3,False,False,True,False,1,430
166940,3,1,0,0,1,0,0,16,3,3,1,0,2,5,2,False,True,False,False,1,26
166941,3,1,0,1,0,0,0,16,1,2,2,2,0,6,3,False,False,True,False,1,206
166942,2,0,0,1,1,1,0,14,1,1,4,1,3,2,2,False,False,True,False,1,126
166943,2,1,0,0,0,0,1,14,2,4,0,0,6,0,2,True,False,False,False,1,66
166944,3,0,0,0,1,1,1,15,2,1,4,2,1,4,1,True,False,False,False,1,159
166945,0,1,0,1,1,1,1,14,1,3,4,3,1,0,2,False,True,False,False,1,47
166946,2,1,1,1,0,1,0,14,3,1,2,4,1,3,0,False,True,False,False,1,340
166947,2,1,0,1,0,1,1,13,0,0,4,2,1,2,4,False,False,False,True,1,90
166948,3,1,1,0,0,0,0,12,5,3,2,0,1,1,0,False,True,False,False,0,0
166949,0,1,1,0,0,1,1,12,2,1,1,3,2,2,1,False,False,True,False,1,249
166950,3,1,0,1,0,1,0,15,1,4,3,1,0,5,1,True,False,False,False,1,83
166951,2,0,0,0,1,1,0,14,1,2,4,1,1,3,2,False,True,False,False,1,138
166952,2,1,0,0,0,0,1,14,2,2,2,0,3,2,3,False,False,True,False,1,250
166953,1,1,0,0,1,0,1,12,2,0,1,3,1,3,2,False,True,False,False,1,165
166954,1,1,0,1,1,0,1,15,0,1,6,2,2,0,4,False,False,False,True,1,72
166955,2,1,0,1,1,1,1,14,1,1,4,2,0,3,3,False,True,False,False,1,244
166956,2,1,0,1,1,1,0,15,3,2,1,4,0,2,3,False,False,True,False,1,460
166957,0,1,1,1,1,0,1,15,2,3,3,2,0,3,2,False,False,False,True,1,256
166958,1,1,0,0,1,0,1,16,1,3,4,1,4,2,1,True,False,False,False,1,243
166959,3,0,0,0,1,0,0,14,2,2,2,1,4,2,1,True,False,False,False,1,63
166960,3,0,0,0,1,0,1,13,0,4,4,1,0,4,0,False,False,False,True,0,0
166961,0,1,1,1,1,0,0,15,4,2,2,2,1,3,1,True,False,False,False,1,521
166962,2,0,1,1,1,0,1,16,5,1,0,2,0,1,7,False,False,True,False,1,788
166963,2,0,0,1,1,0,0,16,4,2,2,2,1,0,5,False,True,False,False,1,258
166964,2,1,0,0,1,0,0,14,2,3,0,1,3,3,2,False,True,False,False,1,90
166965,2,0,1,1,1,1,0,15,1,2,6,2,1,1,2,True,False,False,False,1,85
166966,3,1,0,1,0,1,1,15,3,1,2,1,1,5,2,False,False,True,False,1,540
166967,3,0,0,1,0,1,0,11,2,1,2,2,1,1,2,False,True,False,False,1,269
166968,2,0,1,1,0,1,1,13,1,1,3,3,1,1,3,False,False,False,True,1,123
166969,1,1,1,1,1,0,0,13,5,3,1,0,1,2,1,True,False,False,False,0,0
166970,2,0,1,0,0,1,0,14,3,0,1,5,2,0,3,False,True,False,False,1,133
166971,3,0,0,0,0,1,0,17,4,3,2,1,1,3,3,False,False,True,False,1,281
166972,1,1,1,0,0,1,0,16,3,2,0,4,3,2,2,False,False,True,False,1,273
166973,3,0,0,1,1,1,0,17,4,1,2,3,1,3,3,False,False,True,False,1,684
166974,3,0,1,0,1,0,1,14,1,1,4,1,2,3,2,False,False,True,False,1,130
166975,2,1,0,0,0,0,1,14,0,2,1,2,2,1,6,True,False,False,False,1,52
166976,3,1,1,1,1,0,0,14,2,7,1,0,3,0,1,False,True,False,False,1,166
166977,2,1,1,0,0,0,0,12,2,2,5,0,1,0,2,True,False,False,False,0,0
166978,1,0,1,1,1,0,0,11,3,3,1,4,0,0,0,False,True,False,False,1,110
166979,2,1,0,1,0,0,0,15,1,4,2,3,3,1,1,False,False,True,False,1,257
166980,3,0,0,0,1,0,0,15,1,0,5,1,1,3,4,False,False,True,False,1,158
166981,1,0,1,1,0,1,1,13,3,1,0,2,1,0,6,False,False,True,False,1,212
166982,2,1,0,0,1,1,1,15,3,3,0,1,5,0,3,False,False,False,True,1,473
166983,2,0,0,0,1,1,0,13,3,4,2,1,0,1,2,False,True,False,False,0,0
166984,2,0,1,0,0,1,0,16,4,1,1,2,1,3,4,True,False,False,False,1,431
166985,2,0,0,0,0,1,1,14,1,1,1,2,4,3,2,True,False,False,False,1,94
166986,3,0,0,1,0,0,1,14,1,3,3,5,0,1,1,False,True,False,False,1,75
166987,3,1,0,1,0,0,0,13,0,2,5,3,0,2,1,False,False,True,False,1,84
166988,3,1,0,0,0,1,1,12,2,1,2,3,1,2,1,False,False,True,False,1,209
166989,1,0,0,1,0,1,1,14,0,2,1,3,1,6,1,False,False,True,False,1,81
166990,1,1,1,0,1,0,0,15,0,3,3,1,1,5,2,False,False,True,False,1,114
166991,0,0,1,1,0,1,1,15,1,4,3,1,2,2,2,False,True,False,False,1,199
166992,1,1,1,1,0,1,0,14,0,2,0,1,1,3,7,False,False,False,True,1,1
166993,3,0,0,0,0,1,0,16,3,2,2,5,1,3,0,False,False,True,False,1,157
166994,1,1,0,1,1,1,0,12,2,2,0,2,2,0,4,False,False,True,False,1,145
166995,3,0,1,1,1,0,0,15,4,4,4,1,1,1,0,False,True,False,False,0,0
166996,2,1,1,1,1,1,0,17,1,2,6,1,3,0,4,False,False,True,False,1,53
166997,2,0,0,1,1,0,1,17,4,6,3,0,3,0,1,False,False,False,True,0,0
166998,1,1,1,0,1,1,0,16,4,3,1,1,2,2,3,False,False,False,True,1,718
166999,2,1,1,0,0,0,0,16,2,1,0,5,3,1,4,False,True,False,False,1,103
167000,3,1,1,0,1,1,0,15,2,2,2,4,1,1,3,False,True,False,False,1,200
167001,1,0,0,1,1,1,0,16,2,2,2,4,2,1,3,True,False,False,False,1,216
167002,3,0,0,0,1,1,0,13,0,2,4,0,3,2,2,True,False,False,False,1,101
167003,2,1,1,0,0,1,0,14,1,3,1,0,2,1,6,False,False,True,False,1,21
167004,2,0,0,1,0,1,1,16,2,0,3,2,1,6,2,False,False,True,False,1,240
167005,2,0,1,1,0,0,0,13,3,2,2,1,3,2,0,False,True,False,False,1,297
167006,2,0,1,1,1,1,0,13,7,1,0,3,0,1,1,True,False,False,False,0,0
167007,1,0,1,0,0,1,1,12,0,2,1,1,5,1,2,True,False,False,False,1,82
167008,3,1,0,1,0,1,0,13,1,2,1,3,2,1,3,False,False,False,True,1,150
167009,3,1,0,0,1,0,0,16,2,1,3,3,4,3,0,True,False,False,False,1,135
167010,2,0,1,1,1,1,0,15,4,1,0,1,3,6,0,False,False,True,False,1,382
167011,2,1,1,0,0,0,0,14,3,3,0,4,2,2,0,False,False,True,False,1,154
167012,3,0,1,0,0,0,0,15,4,2,2,2,1,2,2,True,False,False,False,1,180
167013,1,0,1,0,1,0,1,13,3,0,3,3,3,0,1,True,False,False,False,1,40
167014,2,1,1,0,0,0,1,16,0,5,2,3,2,1,3,False,False,False,True,1,86
167015,3,0,0,0,1,0,0,17,5,0,4,1,1,3,3,False,False,True,False,1,266
167016,1,0,1,0,1,0,1,15,4,4,3,2,1,0,1,False,True,False,False,0,0
167017,2,0,0,1,1,1,1,11,0,1,0,4,0,3,3,False,False,False,True,1,35
167018,3,1,0,0,1,1,0,12,0,2,1,3,3,3,0,False,False,False,True,1,48
167019,2,1,1,1,0,1,0,15,0,3,2,4,2,1,3,False,False,True,False,1,205
167020,1,0,1,1,1,0,1,15,1,2,4,1,2,0,5,False,True,False,False,0,0
167021,2,0,0,1,1,0,1,12,1,1,4,3,1,0,2,False,False,True,False,1,27
167022,2,1,1,0,0,1,1,14,2,1,2,1,2,4,2,False,True,False,False,1,212
167023,2,1,0,0,0,0,1,15,2,0,1,2,3,5,2,False,True,False,False,1,164
167024,2,1,0,1,0,0,1,12,3,3,0,0,5,1,0,False,True,False,False,1,275
167025,2,1,1,1,0,0,1,13,3,1,3,2,0,1,3,False,False,False,True,1,231
167026,3,1,0,0,1,0,0,13,1,1,4,3,2,1,1,False,False,True,False,1,198
167027,3,1,0,0,1,1,0,16,2,2,3,4,0,4,1,False,True,False,False,1,210
167028,1,1,1,0,1,1,1,15,3,3,2,1,4,0,2,False,False,False,True,1,429
167029,2,1,0,1,1,0,0,12,0,0,1,1,3,5,2,True,False,False,False,1,121
167030,3,0,0,0,0,1,1,11,0,3,1,1,1,3,2,False,True,False,False,1,102
167031,3,1,0,0,1,1,0,14,4,3,4,0,0,2,1,False,False,True,False,1,239
167032,2,1,1,0,0,0,0,15,1,3,5,1,2,3,0,False,True,False,False,1,197
167033,2,0,0,0,1,1,1,14,2,3,3,2,1,3,0,False,False,True,False,1,72
167034,3,0,1,0,1,1,0,14,3,1,0,1,5,2,2,False,False,True,False,1,305
167035,3,0,1,0,1,1,1,13,4,1,3,0,2,1,2,True,False,False,False,0,0
167036,2,1,1,0,1,1,0,14,0,2,2,5,2,1,2,False,False,True,False,1,153
167037,2,1,1,0,1,1,0,14,3,1,5,0,3,0,2,False,False,False,True,1,317
167038,3,0,1,1,1,0,0,14,3,0,1,3,2,1,4,False,False,False,True,1,237
167039,1,0,1,1,1,0,0,13,1,1,2,4,2,0,3,False,False,True,False,1,30
167040,2,0,0,1,0,1,1,15,1,1,1,4,3,1,4,False,True,False,False,1,129
167041,1,1,0,0,1,1,1,15,3,2,3,1,5,1,0,False,False,False,True,1,339
167042,1,1,1,0,1,0,1,14,0,4,2,3,1,2,2,False,True,False,False,1,143
167043,1,0,1,1,0,1,0,13,3,0,3,1,2,1,3,True,False,False,False,1,295
167044,2,0,1,0,0,0,1,15,2,3,1,2,1,4,2,False,False,True,False,1,131
167045,0,1,1,0,1,1,0,14,2,1,2,3,4,0,2,False,False,True,False,1,60
167046,3,1,1,0,0,0,1,15,2,1,2,0,5,3,2,False,False,True,False,1,211
167047,2,1,0,0,0,0,1,11,2,1,1,2,5,0,0,False,False,True,False,1,118
167048,3,1,1,0,1,1,0,13,3,2,2,2,1,2,1,False,False,True,False,1,418
167049,3,1,1,0,1,1,0,13,0,4,1,0,4,2,2,False,False,True,False,1,90
167050,1,1,1,1,0,1,1,15,2,4,1,2,3,2,1,False,False,False,True,1,378
167051,3,0,1,0,1,0,1,13,1,2,2,2,6,0,0,False,False,True,False,1,36
167052,3,0,0,0,0,1,0,14,2,5,0,0,3,2,2,False,True,False,False,1,50
167053,0,1,1,0,0,1,1,11,1,3,4,0,2,1,0,False,False,True,False,1,88
167054,3,0,1,1,1,0,0,13,1,2,2,2,2,4,0,True,False,False,False,1,83
167055,2,0,0,1,1,1,0,13,1,1,1,2,4,2,2,False,False,True,False,1,136
167056,2,1,0,1,1,0,0,14,1,1,2,0,6,3,1,True,False,False,False,1,176
167057,1,0,1,0,1,1,0,16,2,1,1,2,3,3,4,True,False,False,False,1,111
167058,2,0,1,1,0,0,0,12,6,4,1,0,1,0,0,False,False,True,False,0,0
167059,1,0,1,0,0,1,1,13,0,4,4,1,1,1,2,True,False,False,False,0,0
167060,1,1,1,0,0,0,1,16,6,0,2,1,3,2,2,False,True,False,False,1,567
167061,3,0,1,0,1,0,1,14,2,1,3,1,1,4,2,False,False,False,True,1,89
167062,3,0,0,0,1,1,1,15,3,0,1,4,2,4,1,True,False,False,False,1,249
167063,3,0,0,0,0,0,1,16,1,4,3,3,2,1,2,True,False,False,False,1,128
167064,3,1,0,0,1,0,1,14,5,1,2,2,2,1,1,False,False,True,False,1,465
167065,2,0,1,0,0,1,1,16,1,0,3,4,2,3,3,False,True,False,False,1,223
167066,3,1,1,0,1,0,0,12,2,3,4,0,1,1,1,False,False,False,True,0,0
167067,3,1,0,1,0,0,0,14,2,2,2,3,1,2,2,False,False,True,False,1,385
167068,3,1,0,1,0,0,0,15,1,2,4,1,3,2,2,False,False,True,False,1,239
167069,2,1,0,1,1,0,0,13,1,3,3,0,2,2,2,True,False,False,False,0,0
167070,0,1,0,1,1,1,0,14,2,1,2,8,0,1,0,False,True,False,False,1,269
167071,2,0,1,0,1,0,0,16,0,2,1,5,5,1,2,False,True,False,False,1,103
167072,3,1,1,0,1,0,0,11,2,1,3,2,1,0,2,False,True,False,False,1,60
167073,3,0,1,0,1,0,0,16,0,2,8,3,1,0,2,True,False,False,False,1,2
167074,2,1,0,0,1,1,0,15,2,3,2,1,1,4,2,True,False,False,False,1,310
167075,0,0,1,1,1,0,1,12,2,1,1,5,0,1,2,False,False,True,False,1,238
167076,2,1,1,0,0,1,0,13,1,4,3,2,2,0,1,False,False,False,True,1,119
167077,0,1,0,1,0,1,1,15,2,0,3,7,2,0,1,False,False,True,False,1,152
167078,1,0,1,0,1,1,1,16,4,1,1,5,2,2,1,False,True,False,False,1,554
167079,1,1,1,0,0,1,1,14,5,0,3,1,1,1,3,True,False,False,False,0,0
167080,3,0,0,1,0,0,1,14,5,1,3,2,0,2,1,False,True,False,False,1,378
167081,3,0,0,1,0,1,0,13,3,0,5,1,2,2,0,True,False,False,False,1,246
167082,1,1,0,0,0,1,1,16,3,2,3,3,0,3,2,False,True,False,False,1,494
167083,2,1,0,0,1,1,1,13,1,3,3,2,1,1,2,False,False,False,True,1,123
167084,0,1,0,1,1,0,1,16,6,3,0,3,2,2,0,False,False,True,False,1,286
167085,2,0,1,0,1,0,0,14,4,2,2,1,1,1,3,True,False,False,False,0,0
167086,2,0,1,1,0,0,1,11,1,2,1,3,2,1,1,False,False,False,True,1,106
167087,2,0,0,1,0,1,1,14,2,3,0,0,6,0,3,False,True,False,False,1,145
167088,3,0,0,0,1,1,0,16,3,2,1,2,1,5,2,False,False,True,False,1,341
167089,0,1,1,1,0,1,0,14,3,1,1,2,4,0,3,True,False,False,False,1,165
167090,3,1,1,1,0,1,0,14,1,2,3,1,3,3,1,False,False,True,False,1,208
167091,3,0,1,1,0,0,0,15,0,2,2,3,4,3,1,False,False,True,False,1,110
167092,2,0,1,0,0,1,1,14,0,3,2,1,2,0,6,True,False,False,False,1,0
167093,3,0,0,0,0,0,1,13,0,4,2,1,5,0,1,False,False,True,False,1,19
167094,2,1,0,1,0,0,1,11,0,2,0,4,2,1,2,False,False,False,True,1,40
167095,3,0,0,0,1,0,0,15,2,0,3,1,2,1,6,True,False,False,False,1,84
167096,2,1,1,0,0,1,1,12,2,1,1,3,1,3,1,True,False,False,False,1,186
167097,2,0,0,1,0,1,1,15,1,2,3,1,3,3,2,False,False,True,False,1,181
167098,2,1,1,0,0,1,1,17,0,2,2,4,5,2,2,False,False,True,False,1,185
167099,2,0,0,1,1,0,0,16,1,2,2,1,2,2,6,False,False,True,False,1,162
167100,3,0,0,1,0,1,1,14,1,2,3,0,2,1,5,False,True,False,False,0,0
167101,0,0,1,0,1,1,1,12,0,3,1,1,4,1,2,False,True,False,False,1,66
167102,2,0,0,1,1,0,0,13,2,1,1,4,1,2,2,False,True,False,False,1,280
167103,1,1,1,0,0,1,1,13,3,2,0,2,3,2,1,True,False,False,False,1,228
167104,2,1,0,1,0,1,1,15,1,0,1,1,4,3,5,False,False,True,False,1,123
167105,3,0,0,1,0,0,0,14,3,3,1,3,0,2,2,True,False,False,False,1,251
167106,1,1,1,1,1,0,1,13,2,2,1,4,3,0,1,True,False,False,False,1,131
167107,3,0,1,0,0,1,0,14,2,2,4,2,1,2,1,False,True,False,False,1,147
167108,1,0,0,1,1,1,1,15,4,0,2,1,2,3,3,False,True,False,False,1,536
167109,3,1,0,1,1,1,0,13,1,2,2,4,3,0,1,False,False,True,False,1,71
167110,3,1,0,1,0,0,1,14,0,4,3,1,3,2,1,False,False,False,True,1,59
167111,3,1,0,0,0,0,0,16,0,1,5,2,1,3,4,False,True,False,False,1,239
167112,3,0,1,0,0,0,0,13,1,1,2,1,1,2,5,True,False,False,False,0,0
167113,3,0,1,0,0,1,0,15,1,2,3,3,0,4,2,True,False,False,False,1,143
167114,3,0,0,0,0,1,1,16,4,3,0,3,3,1,2,False,True,False,False,1,290
167115,3,1,1,1,1,1,1,13,1,1,4,3,1,3,0,False,True,False,False,1,165
167116,3,0,0,1,1,0,1,13,1,4,2,0,4,0,2,False,True,False,False,1,8
167117,3,1,0,1,1,1,0,13,0,2,0,1,4,1,5,False,False,True,False,1,18
167118,3,1,0,0,1,0,0,13,3,2,1,1,0,3,3,False,True,False,False,1,88
167119,1,0,1,0,1,0,1,13,4,0,1,1,1,3,3,True,False,False,False,1,445
167120,1,1,1,1,0,1,1,13,2,0,4,2,3,0,2,False,False,False,True,1,200
167121,2,0,1,0,0,0,1,12,1,3,2,2,1,1,2,True,False,False,False,1,109
167122,3,0,1,0,1,0,0,14,1,2,2,0,3,4,2,False,True,False,False,1,134
167123,3,1,0,0,0,1,1,16,1,3,1,0,5,5,1,False,True,False,False,1,165
167124,3,0,0,0,1,0,1,13,2,1,4,2,1,2,1,False,False,False,True,1,96
167125,2,0,1,1,0,0,1,12,2,0,2,1,3,3,1,False,False,True,False,1,168
167126,3,0,1,0,0,0,1,14,0,0,3,0,5,4,2,True,False,False,False,1,139
167127,3,0,1,0,0,0,1,17,1,4,1,3,5,1,2,False,False,True,False,1,142
167128,2,0,0,0,1,1,1,12,1,3,4,2,2,0,0,False,False,False,True,1,23
167129,1,0,0,1,1,1,0,15,6,2,0,1,3,1,2,False,True,False,False,0,0
167130,3,0,1,0,1,1,0,12,1,2,0,1,1,5,2,False,False,False,True,1,10
167131,2,0,1,0,1,0,0,16,4,0,3,3,1,4,1,True,False,False,False,1,371
167132,2,1,0,0,1,0,1,12,2,3,2,0,2,1,2,True,False,False,False,0,0
167133,2,0,0,0,1,0,1,12,0,2,2,4,0,2,2,True,False,False,False,1,70
167134,3,1,0,0,0,0,0,14,3,1,2,2,4,1,1,True,False,False,False,1,114
167135,1,0,1,1,1,0,0,15,5,3,0,5,2,0,0,True,False,False,False,1,422
167136,2,0,1,1,1,1,0,16,3,2,3,1,4,2,1,False,True,False,False,1,492
167137,3,0,0,0,0,1,1,15,3,0,1,1,3,4,3,False,False,True,False,1,340
167138,3,0,1,1,1,1,0,14,1,1,2,2,4,1,3,False,False,False,True,1,83
167139,1,1,1,0,0,1,0,15,1,2,6,0,2,2,2,False,False,True,False,1,13
167140,2,1,0,0,0,1,0,15,1,2,3,4,0,4,1,True,False,False,False,1,213
167141,3,0,0,1,0,0,1,17,5,3,4,2,1,2,0,False,True,False,False,1,474
167142,3,1,0,1,1,0,0,15,2,4,1,3,2,1,2,True,False,False,False,1,289
167143,2,0,0,1,1,0,0,14,1,3,1,0,4,2,3,False,True,False,False,1,122
167144,3,0,0,0,1,1,0,13,1,5,3,1,0,2,1,False,False,True,False,0,0
167145,2,1,1,0,0,1,1,15,2,4,2,0,1,1,5,False,False,True,False,0,0
167146,0,1,0,1,0,1,1,11,2,1,3,1,1,3,0,False,False,True,False,1,224
167147,2,0,0,0,1,1,1,15,2,1,0,3,3,3,3,False,False,True,False,1,114
167148,1,0,0,0,1,1,1,16,6,3,0,3,1,1,2,False,False,True,False,1,481
167149,2,0,1,0,1,0,1,15,3,4,0,2,2,0,4,True,False,False,False,1,64
167150,3,1,0,0,1,0,0,13,3,2,2,1,2,2,1,True,False,False,False,1,266
167151,3,1,0,1,1,0,1,13,2,0,4,2,2,1,2,False,False,True,False,1,244
167152,0,1,1,0,1,1,0,11,2,2,0,2,0,2,3,False,False,True,False,1,42
167153,1,1,1,0,1,1,0,13,3,2,1,0,2,3,2,True,False,False,False,0,0
167154,2,0,1,1,1,1,0,15,0,3,2,2,0,8,0,False,True,False,False,1,31
167155,3,0,1,0,0,0,0,15,1,1,3,3,5,1,1,True,False,False,False,1,91
167156,3,0,1,1,1,0,0,13,4,2,2,2,2,0,1,False,True,False,False,1,409
167157,2,1,0,0,0,0,1,14,2,0,1,2,2,2,5,False,False,True,False,1,145
167158,3,0,0,0,0,1,1,14,1,1,2,3,3,2,2,False,False,False,True,1,107
167159,3,0,1,0,1,0,1,16,2,5,1,1,2,5,0,False,False,True,False,1,30
167160,0,1,1,0,1,1,1,15,0,4,1,2,5,3,0,False,False,False,True,1,41
167161,2,0,1,0,1,1,0,13,1,1,1,2,2,6,0,False,False,True,False,1,37
167162,1,0,1,1,1,0,0,17,2,1,5,2,3,2,2,False,True,False,False,1,325
167163,2,0,1,1,0,0,0,15,1,2,3,3,3,2,1,True,False,False,False,1,121
167164,3,0,1,1,0,0,1,16,1,3,3,3,4,2,0,False,False,False,True,1,136
167165,1,0,0,0,1,1,1,13,5,0,2,2,3,0,1,False,False,True,False,1,290
167166,3,0,0,0,0,1,1,13,6,0,1,0,0,4,2,True,False,False,False,0,0
167167,2,0,0,0,1,1,1,11,2,2,1,4,0,1,1,False,True,False,False,1,58
167168,3,0,1,0,0,1,1,14,0,2,3,3,0,3,3,True,False,False,False,1,148
167169,2,0,1,0,0,1,0,14,0,2,2,0,3,2,5,True,False,False,False,1,125
167170,3,1,0,0,0,0,1,14,0,1,4,0,3,2,4,False,False,True,False,1,182
167171,3,0,0,0,0,1,1,14,3,2,4,1,2,2,0,False,True,False,False,1,227
167172,0,1,1,1,1,0,0,14,2,4,1,1,4,0,2,False,True,False,False,1,134
167173,3,0,0,0,0,1,0,16,4,0,2,3,4,1,2,False,False,True,False,1,267
167174,1,0,0,1,1,0,1,14,2,2,3,0,0,3,4,True,False,False,False,0,0
167175,1,1,0,1,0,0,1,15,1,4,5,0,2,0,3,False,True,False,False,0,0
167176,1,0,1,0,1,0,1,17,1,0,4,5,5,0,2,False,True,False,False,1,39
167177,1,1,0,1,0,0,1,15,5,1,4,2,0,3,0,True,False,False,False,1,301
167178,2,0,0,0,1,1,1,11,0,0,1,3,2,2,3,False,False,False,True,1,82
167179,3,1,1,0,1,1,0,13,0,2,2,0,2,4,3,True,False,False,False,1,60
167180,3,1,0,1,1,0,0,12,2,1,5,2,1,0,1,True,False,False,False,1,152
167181,1,0,1,0,1,1,0,14,2,1,0,2,2,1,6,False,True,False,False,1,46
167182,1,1,1,1,1,1,1,11,0,1,1,1,4,3,1,False,True,False,False,1,78
167183,2,0,1,0,0,0,1,14,1,3,1,1,2,4,2,True,False,False,False,1,111
167184,3,0,1,0,0,0,1,12,1,1,3,2,2,0,3,True,False,False,False,1,13
167185,3,1,0,1,1,0,1,15,3,3,3,0,2,3,1,False,True,False,False,1,413
167186,2,1,0,0,1,1,1,17,4,4,0,1,0,2,6,False,False,False,True,1,377
167187,3,1,0,1,0,0,0,15,1,2,1,5,1,3,2,False,True,False,False,1,250
167188,1,1,0,0,0,1,1,14,1,1,2,1,3,3,3,False,False,True,False,1,188
167189,2,0,1,0,0,0,1,13,2,2,1,3,1,2,2,False,True,False,False,1,146
167190,0,0,1,1,1,0,1,11,3,2,2,0,2,1,1,False,True,False,False,0,0
167191,2,1,1,1,0,0,1,17,3,3,1,3,2,1,4,True,False,False,False,1,246
167192,3,1,1,1,0,0,0,15,2,5,1,0,2,1,4,False,True,False,False,0,0
167193,3,1,1,0,1,0,1,16,3,2,2,2,4,2,1,False,False,True,False,1,446
167194,3,0,0,1,1,1,1,13,1,1,1,2,2,3,3,False,False,False,True,1,114
167195,2,1,0,0,0,0,1,15,2,3,0,1,4,2,3,True,False,False,False,1,109
167196,3,1,1,0,0,1,0,17,1,2,6,3,2,1,2,True,False,False,False,1,246
167197,3,0,1,1,1,0,0,11,0,1,3,5,0,0,2,False,True,False,False,1,11
167198,2,0,1,1,1,0,1,14,4,1,3,3,2,0,1,False,False,True,False,1,472
167199,3,0,1,0,0,0,1,14,3,3,2,1,4,0,1,False,False,False,True,1,154
167200,3,1,0,0,0,0,1,16,3,5,3,1,2,1,1,False,False,True,False,1,322
167201,0,1,1,1,1,0,0,16,2,0,4,3,1,2,4,False,False,True,False,1,326
167202,1,1,0,1,1,0,1,14,2,4,1,1,3,2,1,False,True,False,False,1,331
167203,3,1,1,0,0,0,0,17,2,1,4,0,1,3,6,True,False,False,False,0,0
167204,3,1,0,1,0,1,0,15,2,1,1,2,4,2,3,False,False,True,False,1,345
167205,1,1,1,0,1,1,0,12,2,2,1,1,1,3,2,False,False,False,True,1,196
167206,3,0,1,0,1,1,0,13,2,1,3,3,1,2,1,True,False,False,False,1,96
167207,3,1,0,0,0,0,0,15,1,1,2,0,5,3,3,False,False,True,False,1,170
167208,1,1,0,0,1,1,0,15,1,2,3,2,4,1,2,False,True,False,False,1,160
167209,1,0,1,1,1,0,1,14,2,3,0,0,3,3,3,False,True,False,False,1,143
167210,3,0,0,1,0,0,1,16,2,1,2,3,1,5,2,True,False,False,False,1,372
167211,2,0,1,1,0,0,0,16,3,1,2,1,3,4,2,True,False,False,False,1,295
167212,2,0,0,1,0,0,1,12,4,2,2,1,1,1,1,False,True,False,False,1,352
167213,2,1,1,0,1,0,1,17,4,0,1,5,5,1,1,False,False,True,False,1,313
167214,3,1,0,1,1,1,0,14,1,2,2,0,2,3,4,False,False,True,False,1,92
167215,3,1,1,0,1,1,0,14,3,2,0,2,5,2,0,True,False,False,False,1,263
167216,1,1,1,0,1,1,1,14,5,4,1,0,1,1,2,True,False,False,False,0,0
167217,2,0,0,1,0,1,0,15,3,2,1,1,0,2,6,True,False,False,False,0,0
167218,3,0,1,0,0,0,0,14,0,2,1,3,0,4,4,False,True,False,False,1,116
167219,3,1,0,0,0,0,0,17,6,3,2,3,1,1,1,True,False,False,False,1,140
167220,1,0,0,1,1,1,1,15,3,1,2,1,0,7,1,False,False,False,True,1,218
167221,3,0,1,0,0,0,0,15,1,1,2,4,2,4,1,False,True,False,False,1,127
167222,1,1,0,0,1,1,1,13,0,1,3,3,4,0,2,False,False,True,False,1,22
167223,3,1,0,0,0,0,0,15,2,3,2,3,3,0,2,False,True,False,False,1,71
167224,2,0,0,0,0,1,1,12,3,2,2,1,1,2,1,True,False,False,False,1,262
167225,3,0,0,0,0,0,1,13,0,3,0,1,1,4,4,True,False,False,False,1,3
167226,3,1,0,0,0,0,1,14,4,2,2,1,1,3,1,False,False,False,True,1,318
167227,3,1,0,0,0,1,0,13,1,2,3,3,1,1,2,False,True,False,False,1,217
167228,3,0,1,1,0,1,0,15,3,1,4,1,0,5,1,False,False,False,True,1,187
167229,2,1,0,1,0,1,0,13,2,1,0,5,1,2,2,False,False,True,False,1,266
167230,3,1,1,0,0,0,0,13,1,0,5,2,0,4,1,False,False,True,False,1,104
167231,2,1,1,0,1,0,1,13,3,0,3,2,0,1,4,False,False,True,False,1,229
167232,1,0,1,1,1,1,0,17,3,3,1,2,1,5,2,False,True,False,False,1,494
167233,3,0,0,0,1,1,0,13,3,1,0,1,3,4,1,False,True,False,False,1,192
167234,2,1,1,0,0,1,1,11,0,2,1,0,2,2,4,False,False,False,True,1,17
167235,2,1,1,0,0,1,1,11,1,2,0,1,5,0,2,False,True,False,False,1,61
167236,3,0,0,1,1,1,1,15,2,4,1,3,3,1,1,True,False,False,False,1,253
167237,3,0,0,1,0,0,0,14,2,2,0,3,3,2,2,False,False,True,False,1,204
167238,1,0,0,1,1,1,0,12,4,2,3,0,1,2,0,False,False,True,False,1,227
167239,3,0,0,0,1,0,0,13,1,6,2,2,2,0,0,True,False,False,False,1,8
167240,3,1,1,0,1,1,1,17,4,2,3,0,3,4,1,False,False,False,True,1,639
167241,2,0,1,0,0,1,0,12,1,1,2,2,1,1,4,True,False,False,False,1,21
167242,2,0,0,1,0,1,0,11,2,4,0,0,3,0,2,True,False,False,False,1,130
167243,2,0,0,1,0,1,1,14,2,0,3,1,2,5,1,False,False,True,False,1,156
167244,3,1,0,1,1,1,0,13,3,0,3,1,0,3,3,True,False,False,False,0,0
167245,3,1,0,0,1,1,0,12,0,2,3,1,2,1,3,False,True,False,False,1,32
167246,2,1,0,1,1,1,0,12,1,1,3,0,1,2,4,False,True,False,False,1,55
167247,3,0,1,0,0,0,1,13,3,0,1,3,2,1,3,False,False,False,True,1,184
167248,3,1,0,1,1,1,0,14,4,2,1,3,4,0,0,False,True,False,False,1,412
167249,1,0,0,1,0,1,1,12,2,0,1,2,3,3,1,False,True,False,False,1,216
167250,2,0,0,0,1,1,1,14,0,1,4,0,3,2,4,False,False,False,True,1,100
167251,0,1,1,0,1,1,0,14,1,2,1,1,1,4,4,False,True,False,False,1,172
167252,3,1,1,1,0,1,0,12,3,0,3,3,2,0,1,False,True,False,False,1,361
167253,0,1,0,0,1,1,1,17,2,1,1,2,6,2,3,False,True,False,False,1,309
167254,3,0,0,1,0,0,0,13,1,1,2,1,1,4,3,False,True,False,False,1,188
167255,1,0,1,0,1,0,1,16,2,2,2,1,2,2,5,False,True,False,False,1,235
167256,3,1,0,1,0,0,1,15,2,0,2,3,2,3,3,False,False,False,True,1,228
167257,3,1,1,1,1,0,0,12,1,3,3,3,0,0,2,False,False,False,True,1,97
167258,2,1,0,0,0,0,1,13,3,4,1,1,2,0,2,False,False,True,False,1,68
167259,1,0,1,0,1,1,0,16,2,4,1,1,5,1,2,False,True,False,False,1,118
167260,2,1,0,0,0,1,0,13,2,4,3,0,1,1,2,False,True,False,False,0,0
167261,3,1,0,0,0,1,1,14,4,4,0,2,1,3,0,False,False,True,False,1,269
167262,2,1,0,0,1,0,0,13,4,3,1,2,1,1,1,True,False,False,False,1,297
167263,2,0,0,1,1,0,0,14,3,0,1,2,3,2,3,False,True,False,False,1,270
167264,3,1,0,1,1,0,1,15,1,1,5,3,1,3,1,False,False,False,True,1,177
167265,1,0,0,1,1,1,0,15,2,2,1,3,3,2,2,False,True,False,False,1,355
167266,3,1,0,0,0,1,0,12,3,2,3,0,1,2,1,False,False,False,True,1,45
167267,3,1,1,1,0,1,1,13,4,1,0,4,1,0,3,True,False,False,False,1,457
167268,3,0,0,0,1,0,0,12,3,3,1,4,0,1,0,True,False,False,False,1,28
167269,1,0,0,1,0,1,1,16,1,0,5,1,5,2,2,False,True,False,False,1,153
167270,0,1,1,1,1,0,1,11,1,1,1,5,2,0,1,True,False,False,False,1,71
167271,3,0,1,0,1,1,0,12,1,2,2,0,4,1,2,False,False,True,False,1,120
167272,0,0,1,1,1,1,1,12,1,1,2,2,5,1,0,False,True,False,False,1,118
167273,2,0,0,0,1,0,1,14,0,3,4,1,2,4,0,False,True,False,False,1,46
167274,3,0,0,0,1,0,1,15,0,2,3,1,5,1,3,False,True,False,False,1,89
167275,3,0,0,1,1,0,0,16,1,0,4,4,1,2,4,False,True,False,False,1,280
167276,3,1,0,0,0,1,0,16,3,1,1,1,1,3,6,True,False,False,False,1,316
167277,2,1,1,0,1,1,1,13,3,0,3,1,2,1,3,True,False,False,False,1,224
167278,0,1,1,1,1,1,0,12,0,4,4,1,0,0,3,False,False,True,False,0,0
167279,3,1,0,1,1,0,0,15,1,3,4,1,6,0,0,False,False,False,True,1,184
167280,0,1,1,0,1,0,1,13,3,1,4,0,0,1,4,False,False,True,False,0,0
167281,3,1,0,1,0,0,0,14,3,3,1,4,1,2,0,False,False,False,True,1,369
167282,3,1,1,0,0,1,0,14,1,3,9,0,0,0,1,False,True,False,False,0,0
167283,2,0,0,1,1,1,0,17,1,3,0,5,2,2,4,False,True,False,False,1,92
167284,3,0,1,1,1,1,0,14,1,3,1,3,0,4,2,False,False,True,False,1,115
167285,3,1,0,1,0,0,0,12,4,2,2,1,0,2,1,False,False,True,False,1,350
167286,2,1,0,1,0,0,0,13,5,0,4,1,2,0,1,False,False,True,False,1,114
167287,3,1,1,1,0,0,0,14,0,7,3,0,1,1,2,False,False,False,True,0,0
167288,3,0,0,0,0,1,1,16,3,2,1,4,2,1,3,False,False,True,False,1,385
167289,2,0,0,1,0,1,1,11,4,0,2,2,2,1,0,False,False,True,False,1,216
167290,2,0,1,0,1,0,0,16,1,1,3,2,4,2,3,False,True,False,False,1,201
167291,2,1,1,0,1,0,1,15,2,3,2,3,2,3,0,False,False,False,True,1,158
167292,3,1,0,1,0,0,0,15,4,1,1,4,3,1,1,False,False,False,True,1,271
167293,3,0,1,1,1,0,0,14,3,2,1,1,3,1,3,False,False,True,False,1,379
167294,3,0,1,1,1,1,0,13,1,4,2,1,1,4,0,False,False,True,False,1,25
167295,3,0,1,1,1,1,0,13,0,2,1,2,3,1,4,False,True,False,False,1,84
167296,3,0,1,0,1,0,1,11,0,2,4,1,1,2,1,False,True,False,False,1,92
167297,2,1,1,0,1,0,0,13,3,0,2,1,3,3,1,False,True,False,False,1,155
167298,2,1,0,1,1,1,0,17,3,3,3,3,3,1,1,False,False,False,True,1,398
167299,3,0,0,1,1,0,1,14,2,1,2,2,4,1,2,False,True,False,False,1,336
167300,2,0,1,0,0,0,1,16,3,4,1,1,4,0,3,True,False,False,False,1,62
167301,2,1,0,0,1,0,1,15,0,3,2,4,3,2,1,True,False,False,False,1,119
167302,1,1,0,1,0,0,1,13,1,2,1,3,0,4,2,True,False,False,False,1,182
167303,2,0,0,0,1,1,0,12,1,2,2,1,1,3,2,False,True,False,False,1,126
167304,1,1,0,1,0,1,0,16,2,1,1,0,4,4,4,True,False,False,False,1,301
167305,2,1,1,0,0,1,1,15,2,1,2,1,2,7,0,True,False,False,False,1,180
167306,3,0,0,1,0,1,0,16,1,2,3,4,0,2,4,True,False,False,False,1,173
167307,3,1,0,1,1,1,0,11,2,0,3,2,0,3,1,False,False,True,False,1,192
167308,3,1,1,0,0,1,0,16,1,1,4,1,2,6,1,False,True,False,False,1,173
167309,3,1,1,0,0,0,0,16,2,1,3,2,3,5,0,False,True,False,False,1,140
167310,3,0,0,1,1,1,0,17,3,4,1,1,2,4,2,False,False,False,True,1,446
167311,3,0,0,0,1,1,0,12,1,2,1,1,4,1,2,True,False,False,False,1,57
167312,1,1,0,0,1,0,1,13,1,4,0,2,2,3,1,True,False,False,False,1,47
167313,2,0,0,1,0,1,0,12,1,2,4,1,1,3,0,False,False,True,False,1,40
167314,3,1,0,0,0,1,0,12,6,0,0,2,1,3,0,False,False,True,False,1,204
167315,3,0,1,0,0,0,1,14,1,4,1,1,0,7,0,False,True,False,False,0,0
167316,0,0,1,1,1,1,1,14,1,6,2,1,0,3,1,False,True,False,False,0,0
167317,2,0,0,1,0,0,1,15,1,3,4,1,0,5,1,True,False,False,False,0,0
167318,3,1,0,0,0,0,1,15,2,0,2,2,5,1,3,False,False,True,False,1,212
167319,1,0,1,1,1,1,0,14,2,2,2,2,1,2,3,True,False,False,False,1,278
167320,3,0,1,1,0,0,1,14,1,0,6,3,1,2,1,True,False,False,False,1,128
167321,2,1,0,0,0,0,1,12,0,4,3,1,1,0,3,False,False,True,False,0,0
167322,0,0,1,1,1,1,1,16,3,3,2,1,1,4,2,False,False,False,True,1,493
167323,3,1,0,0,1,1,0,13,1,2,2,1,2,3,2,True,False,False,False,1,225
167324,3,1,0,0,0,0,1,14,4,2,1,2,3,0,2,False,False,True,False,1,178
167325,1,0,1,1,1,0,1,16,5,1,5,0,1,1,3,False,False,True,False,1,587
167326,3,1,0,1,0,0,1,15,2,0,0,2,4,3,4,False,False,False,True,1,148
167327,1,0,1,0,1,1,0,14,3,4,2,1,2,2,0,False,True,False,False,1,134
167328,3,0,1,0,1,1,1,17,3,3,3,1,3,3,1,False,False,False,True,1,459
167329,3,0,1,0,0,1,1,13,1,3,3,2,0,2,2,True,False,False,False,1,91
167330,3,0,0,1,0,0,1,12,3,1,0,1,2,2,3,False,True,False,False,1,195
167331,2,0,0,0,1,0,1,16,2,1,4,3,1,4,1,False,False,True,False,1,113
167332,3,0,0,0,0,1,1,14,3,2,2,3,3,0,1,False,False,True,False,1,188
167333,3,0,0,0,1,0,0,12,3,2,1,3,0,1,2,True,False,False,False,1,50
167334,3,0,0,0,1,0,1,12,1,2,2,1,3,1,2,False,True,False,False,1,108
167335,2,1,0,0,1,0,0,15,5,0,1,0,3,1,5,False,False,True,False,1,225
167336,2,0,0,1,0,1,0,15,1,3,1,2,5,1,2,True,False,False,False,1,77
167337,2,1,1,1,0,1,1,17,2,1,3,4,3,2,2,False,False,False,True,1,315
167338,3,0,0,1,1,1,0,14,1,0,1,1,3,2,6,False,False,True,False,1,122
167339,3,0,1,1,1,0,1,11,1,1,4,2,1,1,1,True,False,False,False,1,131
167340,2,0,1,0,1,0,0,16,3,2,5,1,2,2,1,False,False,True,False,1,286
167341,2,1,1,1,1,1,0,14,3,3,1,4,1,0,2,False,True,False,False,1,274
167342,1,1,1,0,0,0,1,13,4,1,1,3,1,1,2,False,False,True,False,1,315
167343,2,0,1,0,0,1,1,16,2,1,2,1,4,4,2,False,True,False,False,1,175
167344,2,0,1,0,0,1,1,14,1,3,0,3,2,5,0,False,True,False,False,1,34
167345,2,1,0,1,1,0,1,15,2,0,5,2,0,2,4,False,False,True,False,1,282
167346,3,0,0,0,0,1,0,15,2,2,1,5,2,3,0,True,False,False,False,1,100
167347,2,0,0,1,0,0,1,15,0,3,3,5,0,2,2,False,True,False,False,1,161
167348,3,0,1,1,1,0,0,15,2,2,2,2,5,1,1,True,False,False,False,1,285
167349,3,1,0,1,0,0,1,12,0,2,1,1,2,3,3,False,False,True,False,1,86
167350,2,1,1,1,1,0,0,15,1,2,5,5,0,1,1,False,True,False,False,1,201
167351,3,1,0,1,1,1,0,14,1,5,0,1,3,2,2,True,False,False,False,1,76
167352,1,1,0,1,1,0,1,13,4,2,1,1,2,1,2,True,False,False,False,1,374
167353,2,0,0,0,1,0,1,11,4,2,0,0,3,0,2,False,True,False,False,1,242
167354,2,1,1,0,0,0,0,13,0,2,4,1,1,3,2,False,True,False,False,1,130
167355,2,1,0,1,0,0,0,12,3,4,1,0,2,0,2,False,True,False,False,0,0
167356,2,0,0,1,0,0,1,14,0,2,3,3,4,1,1,True,False,False,False,1,54
167357,1,0,0,1,1,1,0,14,2,2,5,2,2,1,0,False,True,False,False,1,283
167358,3,0,0,1,0,1,0,16,5,2,2,2,3,1,1,False,False,True,False,1,560
167359,1,1,0,0,0,1,1,13,2,1,2,4,2,1,1,False,True,False,False,1,246
167360,3,0,0,0,0,0,1,16,3,0,2,3,3,4,1,False,False,True,False,1,147
167361,1,1,1,0,0,1,1,13,1,2,2,1,5,1,1,False,True,False,False,1,174
167362,3,1,0,0,1,1,0,16,0,5,3,1,0,4,3,False,False,True,False,0,0
167363,1,1,1,1,1,1,0,16,1,0,2,1,3,7,2,False,False,False,True,1,116
167364,1,0,1,0,1,1,0,15,2,1,4,2,0,4,2,False,True,False,False,1,130
167365,2,1,0,1,0,1,1,15,4,1,2,2,0,3,3,False,False,False,True,1,449
167366,2,1,0,1,1,1,0,15,0,3,3,3,3,2,1,False,False,False,True,1,89
167367,3,1,0,1,1,1,1,12,0,4,1,0,4,1,2,False,False,False,True,1,63
167368,2,0,1,1,0,0,1,12,5,1,2,2,0,1,1,True,False,False,False,1,458
167369,3,0,0,0,1,0,0,11,2,1,1,1,4,1,1,True,False,False,False,1,42
167370,2,0,0,1,0,1,0,15,1,4,1,1,3,2,3,False,False,True,False,1,158
167371,2,0,1,1,0,0,1,14,1,3,1,4,1,3,1,False,True,False,False,1,105
167372,1,0,0,0,1,1,1,13,1,4,3,2,0,0,3,True,False,False,False,0,0
167373,2,1,1,1,0,1,0,11,1,2,3,1,1,3,0,False,False,False,True,1,148
167374,3,1,1,0,0,0,1,14,1,0,3,2,3,3,2,False,False,True,False,1,169
167375,2,0,0,0,1,0,1,16,1,3,1,2,5,2,2,False,False,True,False,1,132
167376,2,1,1,0,0,0,0,13,1,3,1,2,2,2,2,False,False,True,False,1,159
167377,0,1,1,0,1,0,1,14,2,2,2,4,2,0,2,True,False,False,False,1,62
167378,3,0,1,1,1,0,0,16,0,4,2,5,1,2,2,False,False,False,True,1,134
167379,1,0,0,0,1,1,1,12,0,3,0,3,2,2,2,True,False,False,False,1,26
167380,3,0,1,0,0,1,0,14,2,1,1,2,3,4,1,False,False,False,True,1,115
167381,3,1,0,1,0,1,0,14,3,3,1,3,1,0,3,True,False,False,False,1,267
167382,3,0,1,0,0,0,1,16,1,2,4,1,4,1,3,False,False,True,False,1,163
167383,2,0,1,1,0,0,0,14,1,2,1,2,4,0,4,False,True,False,False,1,49
167384,3,0,1,1,0,1,0,15,1,1,2,2,2,2,5,False,True,False,False,1,259
167385,3,0,1,1,1,0,0,13,0,1,4,4,0,2,2,False,False,True,False,1,143
167386,1,0,1,0,1,1,0,15,5,1,2,1,5,1,0,False,False,True,False,1,430
167387,0,1,0,1,1,1,0,12,2,3,0,2,0,1,4,True,False,False,False,0,0
167388,3,1,0,0,1,0,0,15,2,4,3,0,0,3,3,False,False,True,False,0,0
167389,3,1,0,1,1,1,1,12,1,2,2,1,1,1,4,True,False,False,False,1,130
167390,2,0,0,1,1,0,0,13,1,0,4,2,4,2,0,False,True,False,False,1,70
167391,3,1,0,0,1,0,0,13,1,2,2,5,0,1,2,False,False,False,True,1,137
